{
  "commit": "9bc37f8b",
  "games": [
    {
      "deeplift_completeness_err": null,
      "deeplift_corr": 0.277822254297243,
      "deeplift_deletion_auc": 0.6363049095607235,
      "deeplift_insertion_auc": 0.6388888888888888,
      "deeplift_precision_at_k": 0.3333333333333333,
      "deeplift_spearman": 0.40614777080541176,
      "game": "pong",
      "gradxinput_corr": 0.277822254297243,
      "gradxinput_precision_at_k": 0.3333333333333333,
      "oracle_control_corr": 1.0,
      "oracle_control_precision_at_k": 1.0,
      "output": "position",
      "output_label": "screen_region(n_changed_px)@r162c17",
      "saliency_corr": 0.27782225429724294,
      "saliency_precision_at_k": 0.3333333333333333
    },
    {
      "deeplift_completeness_err": null,
      "deeplift_corr": -0.23638701627808661,
      "deeplift_deletion_auc": 0.4384146341463414,
      "deeplift_insertion_auc": 0.6481707317073171,
      "deeplift_precision_at_k": 0.0,
      "deeplift_spearman": -0.33374732645500127,
      "game": "breakout",
      "gradxinput_corr": -0.23638701627808661,
      "gradxinput_precision_at_k": 0.0,
      "oracle_control_corr": 1.0,
      "oracle_control_precision_at_k": 1.0,
      "output": "position",
      "output_label": "screen_region(n_changed_px)@r190c103",
      "saliency_corr": -0.2363870162780866,
      "saliency_precision_at_k": 0.0
    },
    {
      "deeplift_completeness_err": null,
      "deeplift_corr": -0.03339178677267661,
      "deeplift_deletion_auc": 0.8094840773188707,
      "deeplift_insertion_auc": 0.3884890835766931,
      "deeplift_precision_at_k": 0.0,
      "deeplift_spearman": 0.24965890248221642,
      "game": "space_invaders",
      "gradxinput_corr": -0.03339178677267661,
      "gradxinput_precision_at_k": 0.0,
      "oracle_control_corr": 1.0,
      "oracle_control_precision_at_k": 1.0,
      "output": "position",
      "output_label": "screen_region(n_changed_px)@r192c35",
      "saliency_corr": -0.03339178677267661,
      "saliency_precision_at_k": 0.0
    },
    {
      "deeplift_completeness_err": null,
      "deeplift_corr": 0.7097972052076025,
      "deeplift_deletion_auc": 0.96757797550708,
      "deeplift_insertion_auc": 0.06666188289322618,
      "deeplift_precision_at_k": 0.3333333333333333,
      "deeplift_spearman": 0.3410477771148741,
      "game": "seaquest",
      "gradxinput_corr": 0.7097972052076025,
      "gradxinput_precision_at_k": 0.3333333333333333,
      "oracle_control_corr": 1.0,
      "oracle_control_precision_at_k": 1.0,
      "output": "position",
      "output_label": "screen_region(n_changed_px)@r52c77",
      "saliency_corr": 0.7097972052076026,
      "saliency_precision_at_k": 0.3333333333333333
    },
    {
      "deeplift_completeness_err": null,
      "deeplift_corr": -0.03351626941925098,
      "deeplift_deletion_auc": 0.6867577197149646,
      "deeplift_insertion_auc": 0.6092042755344418,
      "deeplift_precision_at_k": 0.0,
      "deeplift_spearman": 0.3087831979082573,
      "game": "ms_pacman",
      "gradxinput_corr": -0.03351626941925098,
      "gradxinput_precision_at_k": 0.0,
      "oracle_control_corr": 1.0,
      "oracle_control_precision_at_k": 1.0,
      "output": "position",
      "output_label": "screen_region(n_changed_px)@r84c77",
      "saliency_corr": -0.033516269419250996,
      "saliency_precision_at_k": 0.0
    },
    {
      "deeplift_completeness_err": null,
      "deeplift_corr": 0.0,
      "deeplift_deletion_auc": 0.674120389995761,
      "deeplift_insertion_auc": 0.3496891338137629,
      "deeplift_precision_at_k": 0.0,
      "deeplift_spearman": 0.0,
      "game": "qbert",
      "gradxinput_corr": 0.0,
      "gradxinput_precision_at_k": 0.0,
      "oracle_control_corr": 1.0,
      "oracle_control_precision_at_k": 1.0,
      "output": "position",
      "output_label": "screen_region(n_changed_px)@r19c1",
      "saliency_corr": -0.03106238348041688,
      "saliency_precision_at_k": 0.3333333333333333
    }
  ],
  "item": "P2-E4-2",
  "method": "gradxinput_deeplift",
  "n_games": 6,
  "note": "Grad×Input / DeepLIFT (Shrikumar et al. 2017) attribution vs the §1 intervention oracle on the 6 core games; reuses the IG-pilot scorer + the oracle-as-method positive control. Headline = the content output (gradient alive); the position output is the 'plausible ≠ faithful' contrast.",
  "output": "position",
  "paper": "P2",
  "phase": "phaseB_attribution",
  "timestamp": "1782942176"
}