{
  "commit": "b08fa17",
  "games": [
    {
      "all_ablated_break_px": 112.0,
      "game": "pong",
      "headline_rank": 8,
      "in_window": true,
      "matched_frac_nmf": 0.625,
      "matched_frac_pca": 0.375,
      "matched_frac_sae": 0.375,
      "n_cands": 8,
      "n_causal_atoms_nmf": 8,
      "n_causal_atoms_pca": 5,
      "n_causal_atoms_sae": 3,
      "n_known_game_vars": 5,
      "nmf_FSM": [
        -0.3249220280687727,
        0.42180535163027594,
        1.0
      ],
      "pca_FSM": [
        0.8664763412811686,
        0.9986195591428413,
        1.0
      ],
      "sae_FSM": [
        0.472455591261534,
        -0.6546530102084273,
        0.6666666666666667
      ],
      "state": "f60+30"
    },
    {
      "all_ablated_break_px": 8.0,
      "game": "breakout",
      "headline_rank": 8,
      "in_window": true,
      "matched_frac_nmf": 0.625,
      "matched_frac_pca": 0.5,
      "matched_frac_sae": 0.5,
      "n_cands": 9,
      "n_causal_atoms_nmf": 8,
      "n_causal_atoms_pca": 1,
      "n_causal_atoms_sae": 1,
      "n_known_game_vars": 7,
      "nmf_FSM": [
        -0.36596252735569995,
        0.8559295100585627,
        1.0
      ],
      "pca_FSM": [
        0.08787495503274936,
        1.0,
        0.25
      ],
      "sae_FSM": [
        0.08787495503274936,
        0.6546536707079771,
        0.25
      ],
      "state": "f60+30"
    },
    {
      "all_ablated_break_px": 1545.0,
      "game": "space_invaders",
      "headline_rank": 8,
      "in_window": false,
      "matched_frac_nmf": 0.625,
      "matched_frac_pca": 0.75,
      "matched_frac_sae": 0.75,
      "n_cands": 17,
      "n_causal_atoms_nmf": 8,
      "n_causal_atoms_pca": 4,
      "n_causal_atoms_sae": 1,
      "n_known_game_vars": 13,
      "nmf_FSM": [
        -0.46355253465055324,
        0.23140825674284493,
        1.0
      ],
      "pca_FSM": [
        0.14131628401360463,
        0.9994543997057544,
        0.6666666666666667
      ],
      "sae_FSM": [
        -0.4978438881870134,
        -1.0,
        0.0
      ],
      "state": "f120+30"
    },
    {
      "all_ablated_break_px": 1096.0,
      "game": "seaquest",
      "headline_rank": 8,
      "in_window": false,
      "matched_frac_nmf": 0.625,
      "matched_frac_pca": 0.5,
      "matched_frac_sae": 0.375,
      "n_cands": 23,
      "n_causal_atoms_nmf": 8,
      "n_causal_atoms_pca": 5,
      "n_causal_atoms_sae": 2,
      "n_known_game_vars": 15,
      "nmf_FSM": [
        -0.24397501823713327,
        0.6707042593996653,
        1.0
      ],
      "pca_FSM": [
        0.6498440561375454,
        0.9999678751164308,
        0.75
      ],
      "sae_FSM": [
        0.5535714285714286,
        0.7436632985097889,
        0.6666666666666667
      ],
      "state": "f120+30"
    },
    {
      "all_ablated_break_px": 339.0,
      "game": "ms_pacman",
      "headline_rank": 8,
      "in_window": false,
      "matched_frac_nmf": 0.5,
      "matched_frac_pca": 0.125,
      "matched_frac_sae": 0.5,
      "n_cands": 19,
      "n_causal_atoms_nmf": 8,
      "n_causal_atoms_pca": 7,
      "n_causal_atoms_sae": 2,
      "n_known_game_vars": 6,
      "nmf_FSM": [
        0.34245874536649273,
        0.9342576206558965,
        1.0
      ],
      "pca_FSM": [
        0.5773502691896257,
        0.9087336971781147,
        1.0
      ],
      "sae_FSM": [
        0.2906190968595482,
        0.9843933686449977,
        0.25
      ],
      "state": "f330+30"
    },
    {
      "all_ablated_break_px": 1656.0,
      "game": "qbert",
      "headline_rank": 8,
      "in_window": true,
      "matched_frac_nmf": 0.25,
      "matched_frac_pca": 0.5,
      "matched_frac_sae": 0.5,
      "n_cands": 20,
      "n_causal_atoms_nmf": 8,
      "n_causal_atoms_pca": 7,
      "n_causal_atoms_sae": 1,
      "n_known_game_vars": 10,
      "nmf_FSM": [
        0.10910894511799618,
        0.9994978619548469,
        1.0
      ],
      "pca_FSM": [
        -0.11415291512216423,
        0.9995853878183929,
        0.75
      ],
      "sae_FSM": [
        0.6151246852292455,
        0.0,
        0.25
      ],
      "state": "f60+30"
    }
  ],
  "headline": "PCA vs NMF vs SAE: matched-component fraction vs known variables AND the causal-use test (ablate an atom, re-run via the oracle — does it drive the output?). Generalises A7 with causal scoring.",
  "method": "nmf_pca_dictionaries(+SAE contrast)",
  "n_games": 6,
  "paper": "P2",
  "phase": "phaseC_mechanistic",
  "timestamp": "1782164792"
}