{
  "arrays": "A3_tuning_demon_attack.npz",
  "ci": null,
  "commit": "2a9ade4c",
  "extra": {
    "A3_tuning": {
      "clock_corr_per_cell": {
        "RAM[114]:num_lives": 0.0,
        "RAM[13]:enemy_x": 0.40468361403905884,
        "RAM[16]:player.xy": 0.8108817199208616,
        "RAM[17]:enemy_x1": 0.39204587533148477,
        "RAM[18]:enemy_x2": 0.6904660538751985,
        "RAM[19]:enemy_x3": 0.3028318684757727,
        "RAM[20]:basex": 0.8566792190853243,
        "RAM[21]:missile_y": 0.27918895783706227,
        "RAM[22]:player_x": 0.38596908972779204,
        "RAM[37]:enemy_projectile_y": 0.3394187976933005,
        "RAM[62]:level": 0.0,
        "RAM[69]:enemy_y1": 0.9767307741101244,
        "RAM[70]:enemy_y2": 0.9577938939946314,
        "RAM[71]:enemy_y3": 0.8445376010920735,
        "RAM[72]:falling_en.xy": 0.0
      },
      "epiphenomenal_control": "frame_clock",
      "game_variable_signals": [
        "enemy_x1@17",
        "enemy_x2@18",
        "enemy_x3@19",
        "missile_y@21",
        "player_x@22",
        "level@62",
        "enemy_y1@69",
        "enemy_y2@70",
        "enemy_y3@71",
        "num_lives@114",
        "enemy_x@13",
        "player.xy@16",
        "basex@20",
        "enemy_projectile_y@37",
        "falling_en.xy@72"
      ],
      "game_variable_spurious_tuning_rate": 0.2857142857142857,
      "gvar_selectivity_per_cell": {
        "RAM[114]:num_lives": 0.0,
        "RAM[13]:enemy_x": 0.9404661222080286,
        "RAM[16]:player.xy": 0.8322088874800065,
        "RAM[17]:enemy_x1": 0.9404661222080286,
        "RAM[18]:enemy_x2": 0.6687715079335746,
        "RAM[19]:enemy_x3": 0.6390213323108423,
        "RAM[20]:basex": 0.9104128778633798,
        "RAM[21]:missile_y": 0.35698624852028266,
        "RAM[22]:player_x": 0.6390213323108423,
        "RAM[37]:enemy_projectile_y": 0.666049864349348,
        "RAM[62]:level": 0.0,
        "RAM[69]:enemy_y1": 0.9809896508610053,
        "RAM[70]:enemy_y2": 0.9809896508610053,
        "RAM[71]:enemy_y3": 0.8965590888849244,
        "RAM[72]:falling_en.xy": 0.0
      },
      "luminance_corr_per_cell": {
        "RAM[114]:num_lives": 0.0,
        "RAM[13]:enemy_x": 0.2555078208052271,
        "RAM[16]:player.xy": 0.5283702272274601,
        "RAM[17]:enemy_x1": 0.27409611459174676,
        "RAM[18]:enemy_x2": 0.5855981603713444,
        "RAM[19]:enemy_x3": 0.27352025247774375,
        "RAM[20]:basex": 0.6016628555420019,
        "RAM[21]:missile_y": 0.12481464701893577,
        "RAM[22]:player_x": 0.26470383518697727,
        "RAM[37]:enemy_projectile_y": 0.3348800551353268,
        "RAM[62]:level": 0.0,
        "RAM[69]:enemy_y1": 0.7841898127099245,
        "RAM[70]:enemy_y2": 0.6882464990667193,
        "RAM[71]:enemy_y3": 0.5888390948499248,
        "RAM[72]:falling_en.xy": 0.0
      },
      "luminance_spurious_tuning_rate": 0.0,
      "n_spurious_gvar": 2,
      "n_spurious_luminance": 0,
      "n_strongly_tuned_gvar": 7,
      "n_strongly_tuned_luminance": 1,
      "note": "selectivity = max |corr| to a GAME variable (the cell's own self-column excluded; frame clock excluded — it is the epiphenomenal control). spurious = strongly-tuned (selectivity≥τ) but NOT causal by the oracle — the present≠used tuning-curve trap (experiment_design.md §4 A3, Phase-A's headline failure). The luminance family is the HARDWARE (no-T3) version of the same trap.",
      "spurious_gvar_cells": [
        "RAM[17]:enemy_x1",
        "RAM[13]:enemy_x"
      ],
      "strongly_tuned_gvar_cells": [
        "RAM[17]:enemy_x1",
        "RAM[69]:enemy_y1",
        "RAM[70]:enemy_y2",
        "RAM[71]:enemy_y3",
        "RAM[13]:enemy_x",
        "RAM[16]:player.xy",
        "RAM[20]:basex"
      ],
      "tau": 0.7,
      "trajectory_frames": 150,
      "trajectory_trace": "seeded random-action GAMEPLAY (seed=0, prefix=90+15, NOOP-continued past the window)"
    },
    "bit_exact_rerun": true,
    "candidate_cells": [
      "RAM[17]:enemy_x1",
      "RAM[18]:enemy_x2",
      "RAM[19]:enemy_x3",
      "RAM[21]:missile_y",
      "RAM[22]:player_x",
      "RAM[62]:level",
      "RAM[69]:enemy_y1",
      "RAM[70]:enemy_y2",
      "RAM[71]:enemy_y3",
      "RAM[114]:num_lives",
      "RAM[13]:enemy_x",
      "RAM[16]:player.xy",
      "RAM[20]:basex",
      "RAM[37]:enemy_projectile_y",
      "RAM[72]:falling_en.xy"
    ],
    "candidate_ram_indices": [
      17,
      18,
      19,
      21,
      22,
      62,
      69,
      70,
      71,
      114,
      13,
      16,
      20,
      37,
      72
    ],
    "candidates_file": "candidates_demon_attack.json",
    "n_oracle_causal": 9,
    "oracle_importance_per_cell": {
      "RAM[114]:num_lives": 52.0,
      "RAM[13]:enemy_x": 0.0,
      "RAM[16]:player.xy": 1204.0,
      "RAM[17]:enemy_x1": 0.0,
      "RAM[18]:enemy_x2": 1296.0,
      "RAM[19]:enemy_x3": 0.0,
      "RAM[20]:basex": 56.0,
      "RAM[21]:missile_y": 185.0,
      "RAM[22]:player_x": 16.0,
      "RAM[37]:enemy_projectile_y": 0.0,
      "RAM[62]:level": 0.0,
      "RAM[69]:enemy_y1": 202.0,
      "RAM[70]:enemy_y2": 3729.0,
      "RAM[71]:enemy_y3": 195.0,
      "RAM[72]:falling_en.xy": 0.0
    },
    "positive_control_oracle_as_method_F": 1.0,
    "rom_settings": "JuTari.RomSettingsModule.GenericRomSettings",
    "scales_to_cluster_via": "tools/cluster/xai_*.sbatch (E0-3) — the full A1..A8 battery over the core+breadth set; the forward is bit-exact to this HARD path.",
    "substrate": "jutari (Julia, HARD) — real-ROM bit-exact path; the oracle causal map is EXACT interventions re-run on the true ROM; the tuning curves are a DESCRIPTIVE active-trace recording (the recorder's documented purpose), not a bit-exact-vs-xitari claim.",
    "testbed": {
      "cause_density_above_floor": 18,
      "cause_density_accepted": true,
      "cause_density_floor": 0.5,
      "cause_density_gate_k": 4,
      "horizon": 15,
      "n_causes": 32,
      "note": "P2 redesign: the tuning study runs on a seeded random-action GAMEPLAY state (not the FIRE×4/attract tape), gated by the §1 oracle cause-density gate. Both the oracle causal map AND the descriptive tuning trajectory are stepped along the SAME gameplay stream so the game variable VARIES on genuine input-driven play. A3's tuning algorithm is unchanged; only the analysis state moves.",
      "prefix": 90,
      "seed": 0,
      "shared_output": "screen_region(n_changed_px)@r189c1",
      "state_kind": "seeded_random_action_gameplay"
    },
    "triad": {
      "F": 0.40551714810818956,
      "F_note": "Spearman(A3 game-variable selectivity, oracle causal importance) over 15 candidate cells",
      "M": 0.7142857142857143,
      "M_note": "1 − over-claim rate: fraction of strongly-tuned cells the oracle says are generic (non-causal)",
      "S": 0.19946711922258398,
      "S_note": "Pearson(A3 selectivity, held-out do(base+37) screen break) — sufficiency on a bit-exact re-run",
      "interpretation": "Phase A is the calibration baseline (experiment_design.md §4): a tuning-curve importance map scores LOW faithfulness despite fully-known structure. F<1 / spurious-tuning>0 quantify where the classical analysis departs from the ground truth. The oracle-as-method positive control (F=1.0) confirms the harness rewards a perfectly-faithful map."
    }
  },
  "game": "demon_attack",
  "method": "A3_tuning_curves(luminance+game_variable)+spurious_tuning_rate",
  "metric_name": "A3_game_variable_spurious_tuning_rate",
  "n": 15,
  "oracle_ref": "oracle_intervene@demon_attack#screen-break",
  "paper": "P2",
  "phase": "phaseA_kording",
  "seed": 0,
  "state": "gameplay(seed=0,prefix=90)+15",
  "stderr": null,
  "target_output": "screen-break (oracle causal importance) vs tuning selectivity",
  "timestamp": "1783065696",
  "value": 0.2857142857142857,
  "where": "local"
}