{
  "arrays": "A3_tuning_tennis.npz",
  "ci": null,
  "commit": "d85961ed",
  "extra": {
    "A3_tuning": {
      "clock_corr_per_cell": {
        "RAM[16]:ball_x": 0.5884398681333387,
        "RAM[17]:ball_y": 0.0027591828421251034,
        "RAM[24]:player_y": 0.5094697908902803,
        "RAM[25]:enemy_y": 0.8880725143266096,
        "RAM[26]:player_x": 0.6556557716355805,
        "RAM[27]:enemy_x": 0.5938330669931349,
        "RAM[45]:player_score_sprite": 0.0,
        "RAM[49]:enemy_score_sprite": 0.0,
        "RAM[54]:(unnamed)": 0.21001209358596903,
        "RAM[55]:(unnamed)": 0.2211312441105251,
        "RAM[69]:player_score": 0.0,
        "RAM[6]:enemy_score": 0.0,
        "RAM[70]:enemy_score": 0.0,
        "RAM[7]:player_score": 0.0,
        "RAM[80]:field_orientation": 0.0
      },
      "epiphenomenal_control": "frame_clock",
      "game_variable_signals": [
        "ball_x@16",
        "ball_y@17",
        "player_y@24",
        "enemy_y@25",
        "player_x@26",
        "enemy_x@27",
        "player_score@69",
        "enemy_score@70",
        "enemy_score@6",
        "player_score@7",
        "player_score_sprite@45",
        "enemy_score_sprite@49",
        "RAM[54]",
        "RAM[55]",
        "field_orientation@80",
        "score_raw@69"
      ],
      "game_variable_spurious_tuning_rate": 0.4,
      "gvar_selectivity_per_cell": {
        "RAM[16]:ball_x": 0.9812557387313385,
        "RAM[17]:ball_y": 0.3341821498244023,
        "RAM[24]:player_y": 0.5193831207621563,
        "RAM[25]:enemy_y": 0.7625550302764879,
        "RAM[26]:player_x": 0.6545385776052958,
        "RAM[27]:enemy_x": 0.9812557387313385,
        "RAM[45]:player_score_sprite": 0.0,
        "RAM[49]:enemy_score_sprite": 0.0,
        "RAM[54]:(unnamed)": 0.9619174081198801,
        "RAM[55]:(unnamed)": 0.9619174081198801,
        "RAM[69]:player_score": 0.0,
        "RAM[6]:enemy_score": 0.0,
        "RAM[70]:enemy_score": 0.0,
        "RAM[7]:player_score": 0.0,
        "RAM[80]:field_orientation": 0.0
      },
      "luminance_corr_per_cell": {
        "RAM[16]:ball_x": 0.7015920920262927,
        "RAM[17]:ball_y": 0.07262927482635062,
        "RAM[24]:player_y": 0.31760718819731903,
        "RAM[25]:enemy_y": 0.7801018254125132,
        "RAM[26]:player_x": 0.7336052456656691,
        "RAM[27]:enemy_x": 0.7261409619409164,
        "RAM[45]:player_score_sprite": 0.0,
        "RAM[49]:enemy_score_sprite": 0.0,
        "RAM[54]:(unnamed)": 0.5073786543601909,
        "RAM[55]:(unnamed)": 0.5162269361715256,
        "RAM[69]:player_score": 0.0,
        "RAM[6]:enemy_score": 0.0,
        "RAM[70]:enemy_score": 0.0,
        "RAM[7]:player_score": 0.0,
        "RAM[80]:field_orientation": 0.0
      },
      "luminance_spurious_tuning_rate": 0.0,
      "n_spurious_gvar": 2,
      "n_spurious_luminance": 0,
      "n_strongly_tuned_gvar": 5,
      "n_strongly_tuned_luminance": 4,
      "note": "selectivity = max |corr| to a GAME variable (the cell's own self-column excluded; frame clock excluded — it is the epiphenomenal control). spurious = strongly-tuned (selectivity≥τ) but NOT causal by the oracle — the present≠used tuning-curve trap (experiment_design.md §4 A3, Phase-A's headline failure). The luminance family is the HARDWARE (no-T3) version of the same trap.",
      "spurious_gvar_cells": [
        "RAM[54]:(unnamed)",
        "RAM[55]:(unnamed)"
      ],
      "strongly_tuned_gvar_cells": [
        "RAM[16]:ball_x",
        "RAM[25]:enemy_y",
        "RAM[27]:enemy_x",
        "RAM[54]:(unnamed)",
        "RAM[55]:(unnamed)"
      ],
      "tau": 0.7,
      "trajectory_frames": 150,
      "trajectory_trace": "seeded random-action GAMEPLAY (seed=0, prefix=90+15, NOOP-continued past the window)"
    },
    "bit_exact_rerun": true,
    "candidate_cells": [
      "RAM[16]:ball_x",
      "RAM[17]:ball_y",
      "RAM[24]:player_y",
      "RAM[25]:enemy_y",
      "RAM[26]:player_x",
      "RAM[27]:enemy_x",
      "RAM[69]:player_score",
      "RAM[70]:enemy_score",
      "RAM[6]:enemy_score",
      "RAM[7]:player_score",
      "RAM[45]:player_score_sprite",
      "RAM[49]:enemy_score_sprite",
      "RAM[54]:(unnamed)",
      "RAM[55]:(unnamed)",
      "RAM[80]:field_orientation"
    ],
    "candidate_ram_indices": [
      16,
      17,
      24,
      25,
      26,
      27,
      69,
      70,
      6,
      7,
      45,
      49,
      54,
      55,
      80
    ],
    "candidates_file": "candidates_tennis.json",
    "n_oracle_causal": 11,
    "oracle_importance_per_cell": {
      "RAM[16]:ball_x": 216.0,
      "RAM[17]:ball_y": 8.0,
      "RAM[24]:player_y": 92.0,
      "RAM[25]:enemy_y": 172.0,
      "RAM[26]:player_x": 181.0,
      "RAM[27]:enemy_x": 176.0,
      "RAM[45]:player_score_sprite": 41.0,
      "RAM[49]:enemy_score_sprite": 48.0,
      "RAM[54]:(unnamed)": 0.0,
      "RAM[55]:(unnamed)": 0.0,
      "RAM[69]:player_score": 0.0,
      "RAM[6]:enemy_score": 34.0,
      "RAM[70]:enemy_score": 0.0,
      "RAM[7]:player_score": 34.0,
      "RAM[80]:field_orientation": 3443.0
    },
    "positive_control_oracle_as_method_F": 1.0,
    "rom_settings": "JuTari.RomSettingsModule.GenericRomSettings",
    "scales_to_cluster_via": "tools/cluster/xai_*.sbatch (E0-3) — the full A1..A8 battery over the core+breadth set; the forward is bit-exact to this HARD path.",
    "substrate": "jutari (Julia, HARD) — real-ROM bit-exact path; the oracle causal map is EXACT interventions re-run on the true ROM; the tuning curves are a DESCRIPTIVE active-trace recording (the recorder's documented purpose), not a bit-exact-vs-xitari claim.",
    "testbed": {
      "cause_density_above_floor": 19,
      "cause_density_accepted": true,
      "cause_density_floor": 0.5,
      "cause_density_gate_k": 4,
      "horizon": 15,
      "n_causes": 32,
      "note": "P2 redesign: the tuning study runs on a seeded random-action GAMEPLAY state (not the FIRE×4/attract tape), gated by the §1 oracle cause-density gate. Both the oracle causal map AND the descriptive tuning trajectory are stepped along the SAME gameplay stream so the game variable VARIES on genuine input-driven play. A3's tuning algorithm is unchanged; only the analysis state moves.",
      "prefix": 90,
      "seed": 0,
      "shared_output": "screen_region(n_changed_px)@r26c68",
      "state_kind": "seeded_random_action_gameplay"
    },
    "triad": {
      "F": 0.2304874799353645,
      "F_note": "Spearman(A3 game-variable selectivity, oracle causal importance) over 15 candidate cells",
      "M": 0.6,
      "M_note": "1 − over-claim rate: fraction of strongly-tuned cells the oracle says are generic (non-causal)",
      "S": -0.21747409410528948,
      "S_note": "Pearson(A3 selectivity, held-out do(base+37) screen break) — sufficiency on a bit-exact re-run",
      "interpretation": "Phase A is the calibration baseline (experiment_design.md §4): a tuning-curve importance map scores LOW faithfulness despite fully-known structure. F<1 / spurious-tuning>0 quantify where the classical analysis departs from the ground truth. The oracle-as-method positive control (F=1.0) confirms the harness rewards a perfectly-faithful map."
    }
  },
  "game": "tennis",
  "method": "A3_tuning_curves(luminance+game_variable)+spurious_tuning_rate",
  "metric_name": "A3_game_variable_spurious_tuning_rate",
  "n": 15,
  "oracle_ref": "oracle_intervene@tennis#screen-break",
  "paper": "P2",
  "phase": "phaseA_kording",
  "seed": 0,
  "state": "gameplay(seed=0,prefix=90)+15",
  "stderr": null,
  "target_output": "screen-break (oracle causal importance) vs tuning selectivity",
  "timestamp": "1783123646",
  "value": 0.4,
  "where": "local"
}