{
  "arrays": "A3_tuning_venture.npz",
  "ci": null,
  "commit": "ddf78172",
  "extra": {
    "A3_tuning": {
      "clock_corr_per_cell": {
        "RAM[20]:sprite0_y": 0.8556641900278789,
        "RAM[21]:sprite1_y": 0.687458913940108,
        "RAM[22]:sprite2_y": 0.9187983705388548,
        "RAM[23]:sprite3_y": 0.9338129480610041,
        "RAM[24]:sprite4_y": 0.6068540935856557,
        "RAM[25]:sprite5_y": 0.9060166357549533,
        "RAM[26]:player_y": 0.819914722002662,
        "RAM[70]:num_lives": 0.0,
        "RAM[71]:score_1_2": 0.0,
        "RAM[72]:score_3_4": 0.0,
        "RAM[79]:sprite0_x": 0.09912664429207635,
        "RAM[80]:sprite1_x": 0.1681958435907027,
        "RAM[81]:sprite2_x": 0.9352968337468449,
        "RAM[82]:sprite3_x": 0.7029716092224464,
        "RAM[83]:sprite4_x": 0.7819201817972696,
        "RAM[84]:sprite5_x": 0.47533301536998085,
        "RAM[85]:player_x": 0.8762103398675847,
        "RAM[90]:current_room": 0.0
      },
      "epiphenomenal_control": "frame_clock",
      "game_variable_signals": [
        "sprite0_y@20",
        "sprite1_y@21",
        "sprite2_y@22",
        "sprite3_y@23",
        "sprite4_y@24",
        "sprite5_y@25",
        "player_y@26",
        "num_lives@70",
        "score_1_2@71",
        "score_3_4@72",
        "sprite0_x@79",
        "sprite1_x@80",
        "sprite2_x@81",
        "sprite3_x@82",
        "sprite4_x@83",
        "sprite5_x@84",
        "player_x@85",
        "current_room@90",
        "score_raw@71"
      ],
      "game_variable_spurious_tuning_rate": 0.07692307692307693,
      "gvar_selectivity_per_cell": {
        "RAM[20]:sprite0_y": 0.9600565196307322,
        "RAM[21]:sprite1_y": 0.9045760062533469,
        "RAM[22]:sprite2_y": 0.976676555686677,
        "RAM[23]:sprite3_y": 0.9887042761198442,
        "RAM[24]:sprite4_y": 0.8624972691743482,
        "RAM[25]:sprite5_y": 0.976676555686677,
        "RAM[26]:player_y": 0.974870812355239,
        "RAM[70]:num_lives": 0.0,
        "RAM[71]:score_1_2": 0.0,
        "RAM[72]:score_3_4": 0.0,
        "RAM[79]:sprite0_x": 0.7050844576513096,
        "RAM[80]:sprite1_x": 0.34990806525262097,
        "RAM[81]:sprite2_x": 0.9887042761198442,
        "RAM[82]:sprite3_x": 0.844944558612726,
        "RAM[83]:sprite4_x": 0.9052161863047339,
        "RAM[84]:sprite5_x": 0.9045760062533469,
        "RAM[85]:player_x": 0.974870812355239,
        "RAM[90]:current_room": 0.0
      },
      "luminance_corr_per_cell": {
        "RAM[20]:sprite0_y": 0.27458993529652503,
        "RAM[21]:sprite1_y": 0.27055905716504475,
        "RAM[22]:sprite2_y": 0.30462261371689303,
        "RAM[23]:sprite3_y": 0.31777965753134135,
        "RAM[24]:sprite4_y": 0.37273796023407474,
        "RAM[25]:sprite5_y": 0.31595521488904105,
        "RAM[26]:player_y": 0.2700088098401855,
        "RAM[70]:num_lives": 0.0,
        "RAM[71]:score_1_2": 0.0,
        "RAM[72]:score_3_4": 0.0,
        "RAM[79]:sprite0_x": 0.0680751056750925,
        "RAM[80]:sprite1_x": 0.2587697413567002,
        "RAM[81]:sprite2_x": 0.3454876863500797,
        "RAM[82]:sprite3_x": 0.22626616273802572,
        "RAM[83]:sprite4_x": 0.3356719789216792,
        "RAM[84]:sprite5_x": 0.10578490913577217,
        "RAM[85]:player_x": 0.3008799334508633,
        "RAM[90]:current_room": 0.0
      },
      "luminance_spurious_tuning_rate": 0.0,
      "n_spurious_gvar": 1,
      "n_spurious_luminance": 0,
      "n_strongly_tuned_gvar": 13,
      "n_strongly_tuned_luminance": 0,
      "note": "selectivity = max |corr| to a GAME variable (the cell's own self-column excluded; frame clock excluded — it is the epiphenomenal control). spurious = strongly-tuned (selectivity≥τ) but NOT causal by the oracle — the present≠used tuning-curve trap (experiment_design.md §4 A3, Phase-A's headline failure). The luminance family is the HARDWARE (no-T3) version of the same trap.",
      "spurious_gvar_cells": [
        "RAM[23]:sprite3_y"
      ],
      "strongly_tuned_gvar_cells": [
        "RAM[20]:sprite0_y",
        "RAM[21]:sprite1_y",
        "RAM[22]:sprite2_y",
        "RAM[23]:sprite3_y",
        "RAM[24]:sprite4_y",
        "RAM[25]:sprite5_y",
        "RAM[26]:player_y",
        "RAM[79]:sprite0_x",
        "RAM[81]:sprite2_x",
        "RAM[82]:sprite3_x",
        "RAM[83]:sprite4_x",
        "RAM[84]:sprite5_x",
        "RAM[85]:player_x"
      ],
      "tau": 0.7,
      "trajectory_frames": 150,
      "trajectory_trace": "seeded random-action GAMEPLAY (seed=0, prefix=90+15, NOOP-continued past the window)"
    },
    "bit_exact_rerun": true,
    "candidate_cells": [
      "RAM[20]:sprite0_y",
      "RAM[21]:sprite1_y",
      "RAM[22]:sprite2_y",
      "RAM[23]:sprite3_y",
      "RAM[24]:sprite4_y",
      "RAM[25]:sprite5_y",
      "RAM[26]:player_y",
      "RAM[70]:num_lives",
      "RAM[71]:score_1_2",
      "RAM[72]:score_3_4",
      "RAM[79]:sprite0_x",
      "RAM[80]:sprite1_x",
      "RAM[81]:sprite2_x",
      "RAM[82]:sprite3_x",
      "RAM[83]:sprite4_x",
      "RAM[84]:sprite5_x",
      "RAM[85]:player_x",
      "RAM[90]:current_room"
    ],
    "candidate_ram_indices": [
      20,
      21,
      22,
      23,
      24,
      25,
      26,
      70,
      71,
      72,
      79,
      80,
      81,
      82,
      83,
      84,
      85,
      90
    ],
    "candidates_file": "candidates_venture.json",
    "n_oracle_causal": 16,
    "oracle_importance_per_cell": {
      "RAM[20]:sprite0_y": 582.0,
      "RAM[21]:sprite1_y": 104.0,
      "RAM[22]:sprite2_y": 228.0,
      "RAM[23]:sprite3_y": 0.0,
      "RAM[24]:sprite4_y": 72.0,
      "RAM[25]:sprite5_y": 4.0,
      "RAM[26]:player_y": 4.0,
      "RAM[70]:num_lives": 128.0,
      "RAM[71]:score_1_2": 80.0,
      "RAM[72]:score_3_4": 80.0,
      "RAM[79]:sprite0_x": 52.0,
      "RAM[80]:sprite1_x": 52.0,
      "RAM[81]:sprite2_x": 52.0,
      "RAM[82]:sprite3_x": 32.0,
      "RAM[83]:sprite4_x": 72.0,
      "RAM[84]:sprite5_x": 32.0,
      "RAM[85]:player_x": 4.0,
      "RAM[90]:current_room": 0.0
    },
    "positive_control_oracle_as_method_F": 1.0,
    "rom_settings": "JuTari.RomSettingsModule.GenericRomSettings",
    "scales_to_cluster_via": "tools/cluster/xai_*.sbatch (E0-3) — the full A1..A8 battery over the core+breadth set; the forward is bit-exact to this HARD path.",
    "substrate": "jutari (Julia, HARD) — real-ROM bit-exact path; the oracle causal map is EXACT interventions re-run on the true ROM; the tuning curves are a DESCRIPTIVE active-trace recording (the recorder's documented purpose), not a bit-exact-vs-xitari claim.",
    "testbed": {
      "cause_density_above_floor": 29,
      "cause_density_accepted": true,
      "cause_density_floor": 0.5,
      "cause_density_gate_k": 4,
      "horizon": 15,
      "n_causes": 38,
      "note": "P2 redesign: the tuning study runs on a seeded random-action GAMEPLAY state (not the FIRE×4/attract tape), gated by the §1 oracle cause-density gate. Both the oracle causal map AND the descriptive tuning trajectory are stepped along the SAME gameplay stream so the game variable VARIES on genuine input-driven play. A3's tuning algorithm is unchanged; only the analysis state moves.",
      "prefix": 90,
      "seed": 0,
      "shared_output": "screen_region(n_changed_px)@r73c4",
      "state_kind": "seeded_random_action_gameplay"
    },
    "triad": {
      "F": -0.23587879013347468,
      "F_note": "Spearman(A3 game-variable selectivity, oracle causal importance) over 18 candidate cells",
      "M": 1.0,
      "M_note": "M = |U*|/|U_hat| (03_methods.tex sec:triad): |U*|=16 (oracle movers) / |U_hat|=14 (method above-threshold)",
      "S": -0.08327214323531465,
      "S_note": "Pearson(A3 selectivity, held-out do(base+37) screen break) — sufficiency on a bit-exact re-run",