{
  "arrays": "A3_tuning_road_runner.npz",
  "ci": null,
  "commit": "2a9ade4c",
  "extra": {
    "A3_tuning": {
      "clock_corr_per_cell": {
        "RAM[24]:u_cac.xy": 0.9033877617428798,
        "RAM[32]:objects_list": 0.0,
        "RAM[36]:(unnamed)": 0.14095229572048193,
        "RAM[37]:(unnamed)": 0.14095229572048193,
        "RAM[38]:(unnamed)": 0.14095229572048193,
        "RAM[39]:(unnamed)": 0.14095229572048193,
        "RAM[3]:player.xy": 0.5833492983876697,
        "RAM[41]:player.wh": 0.24768520805177105,
        "RAM[42]:tb.xy": 0.0,
        "RAM[43]:truck.xy": 0.0,
        "RAM[55]:t.xy": 0.14095229572048196,
        "RAM[5]:enemy.xy": 0.652212749593741,
        "RAM[80]:player.xy": 0.5079623808520414,
        "RAM[81]:enemy.xy": 0.8146635385529252,
        "RAM[82]:rc.xy": 0.9072433548875025,
        "RAM[83]:l_cac.xy": 0.9044217228752286,
        "RAM[89]:am.xy": 0.9072433548875024,
        "RAM[90]:loc": 0.0
      },
      "epiphenomenal_control": "frame_clock",
      "game_variable_signals": [
        "player.xy@3",
        "enemy.xy@5",
        "u_cac.xy@24",
        "objects_list@32",
        "RAM[36]",
        "RAM[37]",
        "RAM[38]",
        "RAM[39]",
        "player.wh@41",
        "tb.xy@42",
        "truck.xy@43",
        "t.xy@55",
        "player.xy@80",
        "enemy.xy@81",
        "rc.xy@82",
        "l_cac.xy@83",
        "am.xy@89",
        "loc@90"
      ],
      "game_variable_spurious_tuning_rate": 0.6363636363636364,
      "gvar_selectivity_per_cell": {
        "RAM[24]:u_cac.xy": 0.9981711993029945,
        "RAM[32]:objects_list": 0.0,
        "RAM[36]:(unnamed)": 1.0,
        "RAM[37]:(unnamed)": 1.0,
        "RAM[38]:(unnamed)": 1.0,
        "RAM[39]:(unnamed)": 1.0,
        "RAM[3]:player.xy": 0.6440812843432604,
        "RAM[41]:player.wh": 0.42100728586081915,
        "RAM[42]:tb.xy": 0.0,
        "RAM[43]:truck.xy": 0.0,
        "RAM[55]:t.xy": 1.0,
        "RAM[5]:enemy.xy": 0.8926558591217616,
        "RAM[80]:player.xy": 0.8926558591217616,
        "RAM[81]:enemy.xy": 0.62204506677311,
        "RAM[82]:rc.xy": 1.0,
        "RAM[83]:l_cac.xy": 0.999629375273874,
        "RAM[89]:am.xy": 1.0,
        "RAM[90]:loc": 0.0
      },
      "luminance_corr_per_cell": {
        "RAM[24]:u_cac.xy": 0.43509928656518027,
        "RAM[32]:objects_list": 0.0,
        "RAM[36]:(unnamed)": 0.008960535786168731,
        "RAM[37]:(unnamed)": 0.008960535786168731,
        "RAM[38]:(unnamed)": 0.008960535786168731,
        "RAM[39]:(unnamed)": 0.008960535786168731,
        "RAM[3]:player.xy": 0.4162822727074166,
        "RAM[41]:player.wh": 0.3046334049854949,
        "RAM[42]:tb.xy": 0.0,
        "RAM[43]:truck.xy": 0.0,
        "RAM[55]:t.xy": 0.008960535786168731,
        "RAM[5]:enemy.xy": 0.41424780084666474,
        "RAM[80]:player.xy": 0.3898417908815876,
        "RAM[81]:enemy.xy": 0.5869279210468743,
        "RAM[82]:rc.xy": 0.43145978646411776,
        "RAM[83]:l_cac.xy": 0.42407002532013466,
        "RAM[89]:am.xy": 0.43145978646411776,
        "RAM[90]:loc": 0.0
      },
      "luminance_spurious_tuning_rate": 0.0,
      "n_spurious_gvar": 7,
      "n_spurious_luminance": 0,
      "n_strongly_tuned_gvar": 11,
      "n_strongly_tuned_luminance": 0,
      "note": "selectivity = max |corr| to a GAME variable (the cell's own self-column excluded; frame clock excluded — it is the epiphenomenal control). spurious = strongly-tuned (selectivity≥τ) but NOT causal by the oracle — the present≠used tuning-curve trap (experiment_design.md §4 A3, Phase-A's headline failure). The luminance family is the HARDWARE (no-T3) version of the same trap.",
      "spurious_gvar_cells": [
        "RAM[5]:enemy.xy",
        "RAM[36]:(unnamed)",
        "RAM[37]:(unnamed)",
        "RAM[38]:(unnamed)",
        "RAM[39]:(unnamed)",
        "RAM[55]:t.xy",
        "RAM[89]:am.xy"
      ],
      "strongly_tuned_gvar_cells": [
        "RAM[5]:enemy.xy",
        "RAM[24]:u_cac.xy",
        "RAM[36]:(unnamed)",
        "RAM[37]:(unnamed)",
        "RAM[38]:(unnamed)",
        "RAM[39]:(unnamed)",
        "RAM[55]:t.xy",
        "RAM[80]:player.xy",
        "RAM[82]:rc.xy",
        "RAM[83]:l_cac.xy",
        "RAM[89]:am.xy"
      ],
      "tau": 0.7,
      "trajectory_frames": 150,
      "trajectory_trace": "seeded random-action GAMEPLAY (seed=0, prefix=90+15, NOOP-continued past the window)"
    },
    "bit_exact_rerun": true,
    "candidate_cells": [
      "RAM[3]:player.xy",
      "RAM[5]:enemy.xy",
      "RAM[24]:u_cac.xy",
      "RAM[32]:objects_list",
      "RAM[36]:(unnamed)",
      "RAM[37]:(unnamed)",
      "RAM[38]:(unnamed)",
      "RAM[39]:(unnamed)",
      "RAM[41]:player.wh",
      "RAM[42]:tb.xy",
      "RAM[43]:truck.xy",
      "RAM[55]:t.xy",
      "RAM[80]:player.xy",
      "RAM[81]:enemy.xy",
      "RAM[82]:rc.xy",
      "RAM[83]:l_cac.xy",
      "RAM[89]:am.xy",
      "RAM[90]:loc"
    ],
    "candidate_ram_indices": [
      3,
      5,
      24,
      32,
      36,
      37,
      38,
      39,
      41,
      42,
      43,
      55,
      80,
      81,
      82,
      83,
      89,
      90
    ],
    "candidates_file": "candidates_road_runner.json",
    "n_oracle_causal": 6,
    "oracle_importance_per_cell": {
      "RAM[24]:u_cac.xy": 60.0,
      "RAM[32]:objects_list": 0.0,
      "RAM[36]:(unnamed)": 0.0,
      "RAM[37]:(unnamed)": 0.0,
      "RAM[38]:(unnamed)": 0.0,
      "RAM[39]:(unnamed)": 0.0,
      "RAM[3]:player.xy": 0.0,
      "RAM[41]:player.wh": 0.0,
      "RAM[42]:tb.xy": 0.0,
      "RAM[43]:truck.xy": 336.0,
      "RAM[55]:t.xy": 0.0,
      "RAM[5]:enemy.xy": 0.0,
      "RAM[80]:player.xy": 779.0,
      "RAM[81]:enemy.xy": 910.0,
      "RAM[82]:rc.xy": 280.0,
      "RAM[83]:l_cac.xy": 60.0,
      "RAM[89]:am.xy": 0.0,
      "RAM[90]:loc": 0.0
    },
    "positive_control_oracle_as_method_F": 1.0,
    "rom_settings": "JuTari.RomSettingsModule.GenericRomSettings",
    "scales_to_cluster_via": "tools/cluster/xai_*.sbatch (E0-3) — the full A1..A8 battery over the core+breadth set; the forward is bit-exact to this HARD path.",
    "substrate": "jutari (Julia, HARD) — real-ROM bit-exact path; the oracle causal map is EXACT interventions re-run on the true ROM; the tuning curves are a DESCRIPTIVE active-trace recording (the recorder's documented purpose), not a bit-exact-vs-xitari claim.",
    "testbed": {
      "cause_density_above_floor": 11,
      "cause_density_accepted": true,
      "cause_density_floor": 0.5,
      "cause_density_gate_k": 4,
      "horizon": 15,
      "n_causes": 38,
      "note": "P2 redesign: the tuning study runs on a seeded random-action GAMEPLAY state (not the FIRE×4/attract tape), gated by the §1 oracle cause-density gate. Both the oracle causal map AND the descriptive tuning trajectory are stepped along the SAME gameplay stream so the game variable VARIES on genuine input-driven play. A3's tuning algorithm is unchanged; only the analysis state moves.",
      "prefix": 90,
      "seed": 0,
      "shared_output": "screen_region(n_changed_px)@r74c30",
      "state_kind": "seeded_random_action_gameplay"
    },
    "triad": {
      "F": -0.1440731286823028,
      "F_note": "Spearman(A3 game-variable selectivity, oracle causal importance) over 18 candidate cells",
      "M": 0.36363636363636365,
      "M_note": "1 − over-claim rate: fraction of strongly-tuned cells the oracle says are generic (non-causal)",
      "S": 0.08320721561275962,
      "S_note": "Pearson(A3 selectivity, held-out do(base+37) screen break) — sufficiency on a bit-exact re-run",
      "interpretation": "Phase A is the calibration baseline (experiment_design.md §4): a tuning-curve importance map scores LOW faithfulness despite fully-known structure. F<1 / spurious-tuning>0 quantify where the classical analysis departs from the ground truth. The oracle-as-method positive control (F=1.0) confirms the harness rewards a perfectly-faithful map."
    }
  },
  "game": "road_runner",