{
  "arrays": "A3_tuning_ice_hockey.npz",
  "ci": null,
  "commit": "2a9ade4c",
  "extra": {
    "A3_tuning": {
      "clock_corr_per_cell": {
        "RAM[52]:ball.xy": 0.9470632345987577,
        "RAM[53]:player2.xy": 0.0,
        "RAM[54]:enemy_2.xy": 0.5127492450917054,
        "RAM[55]:player.xy": 0.8808362264938332,
        "RAM[56]:enemy_1.xy": 0.4795835161772142,
        "RAM[57]:player2.xy": 0.0,
        "RAM[58]:enemy_2.xy": 0.9287027281209083,
        "RAM[59]:player.xy": 0.6895939659584401,
        "RAM[60]:enemy_1.xy": 0.6087265815135461,
        "RAM[91]:ball.xy": 0.9476380314291156
      },
      "epiphenomenal_control": "frame_clock",
      "game_variable_signals": [
        "ball.xy@52",
        "player2.xy@53",
        "enemy_2.xy@54",
        "player.xy@55",
        "enemy_1.xy@56",
        "player2.xy@57",
        "enemy_2.xy@58",
        "player.xy@59",
        "enemy_1.xy@60",
        "ball.xy@91"
      ],
      "game_variable_spurious_tuning_rate": 0.125,
      "gvar_selectivity_per_cell": {
        "RAM[52]:ball.xy": 0.9981170543120778,
        "RAM[53]:player2.xy": 0.0,
        "RAM[54]:enemy_2.xy": 0.78552356425089,
        "RAM[55]:player.xy": 0.9589076484702795,
        "RAM[56]:enemy_1.xy": 0.9353446827071015,
        "RAM[57]:player2.xy": 0.0,
        "RAM[58]:enemy_2.xy": 0.9909596544886998,
        "RAM[59]:player.xy": 0.8350206981780623,
        "RAM[60]:enemy_1.xy": 0.9353446827071015,
        "RAM[91]:ball.xy": 0.9981170543120778
      },
      "luminance_corr_per_cell": {
        "RAM[52]:ball.xy": 0.07855626787810144,
        "RAM[53]:player2.xy": 0.0,
        "RAM[54]:enemy_2.xy": 0.36293075721339474,
        "RAM[55]:player.xy": 0.053194299454699084,
        "RAM[56]:enemy_1.xy": 0.25472047539801373,
        "RAM[57]:player2.xy": 0.0,
        "RAM[58]:enemy_2.xy": 0.10095849346377164,
        "RAM[59]:player.xy": 0.36991620001052145,
        "RAM[60]:enemy_1.xy": 0.3064210258895439,
        "RAM[91]:ball.xy": 0.07116510449101025
      },
      "luminance_spurious_tuning_rate": 0.0,
      "n_spurious_gvar": 1,
      "n_spurious_luminance": 0,
      "n_strongly_tuned_gvar": 8,
      "n_strongly_tuned_luminance": 0,
      "note": "selectivity = max |corr| to a GAME variable (the cell's own self-column excluded; frame clock excluded — it is the epiphenomenal control). spurious = strongly-tuned (selectivity≥τ) but NOT causal by the oracle — the present≠used tuning-curve trap (experiment_design.md §4 A3, Phase-A's headline failure). The luminance family is the HARDWARE (no-T3) version of the same trap.",
      "spurious_gvar_cells": [
        "RAM[91]:ball.xy"
      ],
      "strongly_tuned_gvar_cells": [
        "RAM[52]:ball.xy",
        "RAM[54]:enemy_2.xy",
        "RAM[55]:player.xy",
        "RAM[56]:enemy_1.xy",
        "RAM[58]:enemy_2.xy",
        "RAM[59]:player.xy",
        "RAM[60]:enemy_1.xy",
        "RAM[91]:ball.xy"
      ],
      "tau": 0.7,
      "trajectory_frames": 150,
      "trajectory_trace": "seeded random-action GAMEPLAY (seed=0, prefix=90+15, NOOP-continued past the window)"
    },
    "bit_exact_rerun": true,
    "candidate_cells": [
      "RAM[52]:ball.xy",
      "RAM[53]:player2.xy",
      "RAM[54]:enemy_2.xy",
      "RAM[55]:player.xy",
      "RAM[56]:enemy_1.xy",
      "RAM[57]:player2.xy",
      "RAM[58]:enemy_2.xy",
      "RAM[59]:player.xy",
      "RAM[60]:enemy_1.xy",
      "RAM[91]:ball.xy"
    ],
    "candidate_ram_indices": [
      52,
      53,
      54,
      55,
      56,
      57,
      58,
      59,
      60,
      91
    ],
    "candidates_file": "candidates_ice_hockey.json",
    "n_oracle_causal": 9,
    "oracle_importance_per_cell": {
      "RAM[52]:ball.xy": 132.0,
      "RAM[53]:player2.xy": 118.0,
      "RAM[54]:enemy_2.xy": 221.0,
      "RAM[55]:player.xy": 122.0,
      "RAM[56]:enemy_1.xy": 118.0,
      "RAM[57]:player2.xy": 118.0,
      "RAM[58]:enemy_2.xy": 198.0,
      "RAM[59]:player.xy": 189.0,
      "RAM[60]:enemy_1.xy": 118.0,
      "RAM[91]:ball.xy": 0.0
    },
    "positive_control_oracle_as_method_F": 1.0,
    "rom_settings": "JuTari.RomSettingsModule.GenericRomSettings",
    "scales_to_cluster_via": "tools/cluster/xai_*.sbatch (E0-3) — the full A1..A8 battery over the core+breadth set; the forward is bit-exact to this HARD path.",
    "substrate": "jutari (Julia, HARD) — real-ROM bit-exact path; the oracle causal map is EXACT interventions re-run on the true ROM; the tuning curves are a DESCRIPTIVE active-trace recording (the recorder's documented purpose), not a bit-exact-vs-xitari claim.",
    "testbed": {
      "cause_density_above_floor": 17,
      "cause_density_accepted": true,
      "cause_density_floor": 0.5,
      "cause_density_gate_k": 4,
      "horizon": 15,
      "n_causes": 22,
      "note": "P2 redesign: the tuning study runs on a seeded random-action GAMEPLAY state (not the FIRE×4/attract tape), gated by the §1 oracle cause-density gate. Both the oracle causal map AND the descriptive tuning trajectory are stepped along the SAME gameplay stream so the game variable VARIES on genuine input-driven play. A3's tuning algorithm is unchanged; only the analysis state moves.",
      "prefix": 90,
      "seed": 0,
      "shared_output": "screen_region(n_changed_px)@r92c61",
      "state_kind": "seeded_random_action_gameplay"
    },
    "triad": {
      "F": -0.018932061141568826,
      "F_note": "Spearman(A3 game-variable selectivity, oracle causal importance) over 10 candidate cells",
      "M": 0.875,
      "M_note": "1 − over-claim rate: fraction of strongly-tuned cells the oracle says are generic (non-causal)",
      "S": 0.03150735251621093,
      "S_note": "Pearson(A3 selectivity, held-out do(base+37) screen break) — sufficiency on a bit-exact re-run",
      "interpretation": "Phase A is the calibration baseline (experiment_design.md §4): a tuning-curve importance map scores LOW faithfulness despite fully-known structure. F<1 / spurious-tuning>0 quantify where the classical analysis departs from the ground truth. The oracle-as-method positive control (F=1.0) confirms the harness rewards a perfectly-faithful map."
    }
  },
  "game": "ice_hockey",
  "method": "A3_tuning_curves(luminance+game_variable)+spurious_tuning_rate",
  "metric_name": "A3_game_variable_spurious_tuning_rate",
  "n": 10,
  "oracle_ref": "oracle_intervene@ice_hockey#screen-break",
  "paper": "P2",
  "phase": "phaseA_kording",
  "seed": 0,
  "state": "gameplay(seed=0,prefix=90)+15",
  "stderr": null,
  "target_output": "screen-break (oracle causal importance) vs tuning selectivity",
  "timestamp": "1783066043",
  "value": 0.125,
  "where": "local"
}