{
  "arrays": "A3_tuning_double_dunk.npz",
  "ci": null,
  "commit": "2a9ade4c",
  "extra": {
    "A3_tuning": {
      "clock_corr_per_cell": {
        "RAM[118]:value": 0.0,
        "RAM[119]:value": 0.0,
        "RAM[33]:xy": 0.014396157521966865,
        "RAM[34]:xy": 0.06825802309050229,
        "RAM[35]:xy": 0.3949895874514168,
        "RAM[36]:xy": 0.18242720093276418,
        "RAM[37]:xy": 0.3380721899006574,
        "RAM[38]:xy": 0.0888004879022655,
        "RAM[39]:xy": 0.8111026521430422,
        "RAM[40]:xy": 0.4469056960249426,
        "RAM[46]:xy": 0.8694713962105476,
        "RAM[47]:xy": 0.597543520432125
      },
      "epiphenomenal_control": "frame_clock",
      "game_variable_signals": [
        "xy@33",
        "xy@34",
        "xy@35",
        "xy@36",
        "xy@37",
        "xy@38",
        "xy@39",
        "xy@40",
        "xy@46",
        "xy@47",
        "value@118",
        "value@119"
      ],
      "game_variable_spurious_tuning_rate": 0.0,
      "gvar_selectivity_per_cell": {
        "RAM[118]:value": 0.0,
        "RAM[119]:value": 0.0,
        "RAM[33]:xy": 0.9242239160594931,
        "RAM[34]:xy": 0.9242239160594931,
        "RAM[35]:xy": 0.5874806185641794,
        "RAM[36]:xy": 0.526738668631332,
        "RAM[37]:xy": 0.6762238294992635,
        "RAM[38]:xy": 0.6762238294992635,
        "RAM[39]:xy": 0.8776965803970439,
        "RAM[40]:xy": 0.7098897330105378,
        "RAM[46]:xy": 0.8776965803970439,
        "RAM[47]:xy": 0.43021745249583365
      },
      "luminance_corr_per_cell": {
        "RAM[118]:value": 0.0,
        "RAM[119]:value": 0.0,
        "RAM[33]:xy": 0.05984026502404041,
        "RAM[34]:xy": 0.021588683410650004,
        "RAM[35]:xy": 0.08538337823993308,
        "RAM[36]:xy": 0.174567715991248,
        "RAM[37]:xy": 0.48797811043630845,
        "RAM[38]:xy": 0.4086360998306947,
        "RAM[39]:xy": 0.13227960847690812,
        "RAM[40]:xy": 0.1276060234573516,
        "RAM[46]:xy": 0.043525876106879545,
        "RAM[47]:xy": 0.20340540790379613
      },
      "luminance_spurious_tuning_rate": 0.0,
      "n_spurious_gvar": 0,
      "n_spurious_luminance": 0,
      "n_strongly_tuned_gvar": 5,
      "n_strongly_tuned_luminance": 0,
      "note": "selectivity = max |corr| to a GAME variable (the cell's own self-column excluded; frame clock excluded — it is the epiphenomenal control). spurious = strongly-tuned (selectivity≥τ) but NOT causal by the oracle — the present≠used tuning-curve trap (experiment_design.md §4 A3, Phase-A's headline failure). The luminance family is the HARDWARE (no-T3) version of the same trap.",
      "spurious_gvar_cells": [],
      "strongly_tuned_gvar_cells": [
        "RAM[33]:xy",
        "RAM[34]:xy",
        "RAM[39]:xy",
        "RAM[40]:xy",
        "RAM[46]:xy"
      ],
      "tau": 0.7,
      "trajectory_frames": 150,
      "trajectory_trace": "seeded random-action GAMEPLAY (seed=0, prefix=90+15, NOOP-continued past the window)"
    },
    "bit_exact_rerun": true,
    "candidate_cells": [
      "RAM[33]:xy",
      "RAM[34]:xy",
      "RAM[35]:xy",
      "RAM[36]:xy",
      "RAM[37]:xy",
      "RAM[38]:xy",
      "RAM[39]:xy",
      "RAM[40]:xy",
      "RAM[46]:xy",
      "RAM[47]:xy",
      "RAM[118]:value",
      "RAM[119]:value"
    ],
    "candidate_ram_indices": [
      33,
      34,
      35,
      36,
      37,
      38,
      39,
      40,
      46,
      47,
      118,
      119
    ],
    "candidates_file": "candidates_double_dunk.json",
    "n_oracle_causal": 12,
    "oracle_importance_per_cell": {
      "RAM[118]:value": 38.0,
      "RAM[119]:value": 38.0,
      "RAM[33]:xy": 429.0,
      "RAM[34]:xy": 484.0,
      "RAM[35]:xy": 290.0,
      "RAM[36]:xy": 286.0,
      "RAM[37]:xy": 1260.0,
      "RAM[38]:xy": 144.0,
      "RAM[39]:xy": 392.0,
      "RAM[40]:xy": 166.0,
      "RAM[46]:xy": 221.0,
      "RAM[47]:xy": 233.0
    },
    "positive_control_oracle_as_method_F": 1.0,
    "rom_settings": "JuTari.RomSettingsModule.GenericRomSettings",
    "scales_to_cluster_via": "tools/cluster/xai_*.sbatch (E0-3) — the full A1..A8 battery over the core+breadth set; the forward is bit-exact to this HARD path.",
    "substrate": "jutari (Julia, HARD) — real-ROM bit-exact path; the oracle causal map is EXACT interventions re-run on the true ROM; the tuning curves are a DESCRIPTIVE active-trace recording (the recorder's documented purpose), not a bit-exact-vs-xitari claim.",
    "testbed": {
      "cause_density_above_floor": 22,
      "cause_density_accepted": true,
      "cause_density_floor": 0.5,
      "cause_density_gate_k": 4,
      "horizon": 15,
      "n_causes": 26,
      "note": "P2 redesign: the tuning study runs on a seeded random-action GAMEPLAY state (not the FIRE×4/attract tape), gated by the §1 oracle cause-density gate. Both the oracle causal map AND the descriptive tuning trajectory are stepped along the SAME gameplay stream so the game variable VARIES on genuine input-driven play. A3's tuning algorithm is unchanged; only the analysis state moves.",
      "prefix": 90,
      "seed": 0,
      "shared_output": "screen_region(n_changed_px)@r105c80",
      "state_kind": "seeded_random_action_gameplay"
    },
    "triad": {
      "F": 0.6172925911496242,
      "F_note": "Spearman(A3 game-variable selectivity, oracle causal importance) over 12 candidate cells",
      "M": 1.0,
      "M_note": "1 − over-claim rate: fraction of strongly-tuned cells the oracle says are generic (non-causal)",
      "S": 0.8081236695984967,
      "S_note": "Pearson(A3 selectivity, held-out do(base+37) screen break) — sufficiency on a bit-exact re-run",
      "interpretation": "Phase A is the calibration baseline (experiment_design.md §4): a tuning-curve importance map scores LOW faithfulness despite fully-known structure. F<1 / spurious-tuning>0 quantify where the classical analysis departs from the ground truth. The oracle-as-method positive control (F=1.0) confirms the harness rewards a perfectly-faithful map."
    }
  },
  "game": "double_dunk",
  "method": "A3_tuning_curves(luminance+game_variable)+spurious_tuning_rate",
  "metric_name": "A3_game_variable_spurious_tuning_rate",
  "n": 12,
  "oracle_ref": "oracle_intervene@double_dunk#screen-break",
  "paper": "P2",
  "phase": "phaseA_kording",
  "seed": 0,
  "state": "gameplay(seed=0,prefix=90)+15",
  "stderr": null,
  "target_output": "screen-break (oracle causal importance) vs tuning selectivity",
  "timestamp": "1783065734",
  "value": 0.0,
  "where": "local"
}