{
  "arrays": "A3_tuning_qbert.npz",
  "ci": null,
  "commit": "39cd1d3",
  "extra": {
    "A3_tuning": {
      "clock_corr_per_cell": {
        "RAM[103]:last_103": 0.14095229572048182,
        "RAM[105]:green_enemy_column": 0.14095229572048193,
        "RAM[21]:tile_color_1": 0.14095229572048174,
        "RAM[33]:player.xy": 0.19866660720589915,
        "RAM[35]:player_column": 0.14095229572048187,
        "RAM[39]:coil_prev_y": 0.14095229572048193,
        "RAM[43]:player_x": 0.14095229572048185,
        "RAM[46]:enemy": 0.14095229572048176,
        "RAM[47]:enemy": 0.14095229572048182,
        "RAM[52]:tile_color_2": 0.14095229572048174,
        "RAM[54]:tile_color_3": 0.14095229572048174,
        "RAM[67]:player_y": 0.14095229572048187,
        "RAM[69]:red_enemy_column": 0.0,
        "RAM[71]:coily.xy": 0.0,
        "RAM[74]:last_74": 0.0,
        "RAM[83]:tile_color_4": 0.14095229572048174,
        "RAM[85]:tile_color_5": 0.14095229572048174,
        "RAM[86]:tile_color_6": 0.0,
        "RAM[89]:score": 0.0,
        "RAM[8]:last_lives": 0.14095229572048193
      },
      "epiphenomenal_control": "frame_clock",
      "game_variable_signals": [
        "tile_color_1@21",
        "player_column@35",
        "player_x@43",
        "tile_color_2@52",
        "tile_color_3@54",
        "player_y@67",
        "red_enemy_column@69",
        "tile_color_4@83",
        "tile_color_5@85",
        "tile_color_6@86",
        "score@89",
        "green_enemy_column@105",
        "last_lives@8",
        "player.xy@33",
        "coil_prev_y@39",
        "enemy@46",
        "enemy@47",
        "coily.xy@71",
        "last_74@74",
        "last_103@103",
        "score_raw@89"
      ],
      "game_variable_spurious_tuning_rate": 0.5333333333333333,
      "gvar_selectivity_per_cell": {
        "RAM[103]:last_103": 1.0,
        "RAM[105]:green_enemy_column": 1.0,
        "RAM[21]:tile_color_1": 1.0,
        "RAM[33]:player.xy": 0.7047299449448811,
        "RAM[35]:player_column": 1.0,
        "RAM[39]:coil_prev_y": 1.0,
        "RAM[43]:player_x": 1.0,
        "RAM[46]:enemy": 1.0,
        "RAM[47]:enemy": 1.0,
        "RAM[52]:tile_color_2": 1.0,
        "RAM[54]:tile_color_3": 1.0,
        "RAM[67]:player_y": 1.0,
        "RAM[69]:red_enemy_column": 0.0,
        "RAM[71]:coily.xy": 0.0,
        "RAM[74]:last_74": 0.0,
        "RAM[83]:tile_color_4": 1.0,
        "RAM[85]:tile_color_5": 1.0,
        "RAM[86]:tile_color_6": 0.0,
        "RAM[89]:score": 0.0,
        "RAM[8]:last_lives": 1.0
      },
      "luminance_corr_per_cell": {
        "RAM[103]:last_103": 0.9999254342233039,
        "RAM[105]:green_enemy_column": 0.9999254342233049,
        "RAM[21]:tile_color_1": 0.9999254342233045,
        "RAM[33]:player.xy": 0.7044117605272525,
        "RAM[35]:player_column": 0.00496506598654864,
        "RAM[39]:coil_prev_y": 0.9999254342233047,
        "RAM[43]:player_x": 0.004965065986548638,
        "RAM[46]:enemy": 0.9999254342233032,
        "RAM[47]:enemy": 0.9999254342233047,
        "RAM[52]:tile_color_2": 0.9999254342233045,
        "RAM[54]:tile_color_3": 0.9999254342233045,
        "RAM[67]:player_y": 0.004965065986548639,
        "RAM[69]:red_enemy_column": 0.0,
        "RAM[71]:coily.xy": 0.0,
        "RAM[74]:last_74": 0.0,
        "RAM[83]:tile_color_4": 0.9999254342233045,
        "RAM[85]:tile_color_5": 0.9999254342233045,
        "RAM[86]:tile_color_6": 0.0,
        "RAM[89]:score": 0.0,
        "RAM[8]:last_lives": 0.9999254342233049
      },
      "luminance_spurious_tuning_rate": 0.5,
      "n_spurious_gvar": 8,
      "n_spurious_luminance": 6,
      "n_strongly_tuned_gvar": 15,
      "n_strongly_tuned_luminance": 12,
      "note": "selectivity = max |corr| to a GAME variable (the cell's own self-column excluded; frame clock excluded — it is the epiphenomenal control). spurious = strongly-tuned (selectivity≥τ) but NOT causal by the oracle — the present≠used tuning-curve trap (experiment_design.md §4 A3, Phase-A's headline failure). The luminance family is the HARDWARE (no-T3) version of the same trap.",
      "spurious_gvar_cells": [
        "RAM[35]:player_column",
        "RAM[43]:player_x",
        "RAM[105]:green_enemy_column",
        "RAM[8]:last_lives",
        "RAM[33]:player.xy",
        "RAM[46]:enemy",
        "RAM[47]:enemy",
        "RAM[103]:last_103"
      ],
      "strongly_tuned_gvar_cells": [
        "RAM[21]:tile_color_1",
        "RAM[35]:player_column",
        "RAM[43]:player_x",
        "RAM[52]:tile_color_2",
        "RAM[54]:tile_color_3",
        "RAM[67]:player_y",
        "RAM[83]:tile_color_4",
        "RAM[85]:tile_color_5",
        "RAM[105]:green_enemy_column",
        "RAM[8]:last_lives",
        "RAM[33]:player.xy",
        "RAM[39]:coil_prev_y",
        "RAM[46]:enemy",
        "RAM[47]:enemy",
        "RAM[103]:last_103"
      ],
      "tau": 0.7,
      "trajectory_frames": 150,
      "trajectory_trace": "active (FIRE×4 + periodic RIGHTFIRE/LEFTFIRE)"
    },
    "bit_exact_rerun": true,
    "candidate_cells": [
      "RAM[21]:tile_color_1",
      "RAM[35]:player_column",
      "RAM[43]:player_x",
      "RAM[52]:tile_color_2",
      "RAM[54]:tile_color_3",
      "RAM[67]:player_y",
      "RAM[69]:red_enemy_column",
      "RAM[83]:tile_color_4",
      "RAM[85]:tile_color_5",
      "RAM[86]:tile_color_6",
      "RAM[89]:score",
      "RAM[105]:green_enemy_column",
      "RAM[8]:last_lives",
      "RAM[33]:player.xy",
      "RAM[39]:coil_prev_y",
      "RAM[46]:enemy",
      "RAM[47]:enemy",
      "RAM[71]:coily.xy",
      "RAM[74]:last_74",
      "RAM[103]:last_103"
    ],
    "candidate_ram_indices": [
      21,
      35,
      43,
      52,
      54,
      67,
      69,
      83,
      85,
      86,
      89,
      105,
      8,
      33,
      39,
      46,
      47,
      71,
      74,
      103
    ],
    "candidates_file": "candidates_qbert.json",
    "n_oracle_causal": 7,
    "oracle_importance_per_cell": {
      "RAM[103]:last_103": 0.0,
      "RAM[105]:green_enemy_column": 0.0,
      "RAM[21]:tile_color_1": 52.0,
      "RAM[33]:player.xy": 0.0,
      "RAM[35]:player_column": 0.0,
      "RAM[39]:coil_prev_y": 5820.0,
      "RAM[43]:player_x": 0.0,
      "RAM[46]:enemy": 0.0,
      "RAM[47]:enemy": 0.0,
      "RAM[52]:tile_color_2": 52.0,
      "RAM[54]:tile_color_3": 52.0,
      "RAM[67]:player_y": 72.0,
      "RAM[69]:red_enemy_column": 0.0,
      "RAM[71]:coily.xy": 0.0,
      "RAM[74]:last_74": 0.0,
      "RAM[83]:tile_color_4": 52.0,
      "RAM[85]:tile_color_5": 52.0,
      "RAM[86]:tile_color_6": 0.0,
      "RAM[89]:score": 0.0,
      "RAM[8]:last_lives": 0.0
    },
    "positive_control_oracle_as_method_F": 1.0,
    "rom_settings": "JuTari.JoystickGames.QbertRomSettings",
    "scales_to_cluster_via": "tools/cluster/xai_*.sbatch (E0-3) — the full A1..A8 battery over the core+breadth set; the forward is bit-exact to this HARD path.",
    "substrate": "jutari (Julia, HARD) — real-ROM bit-exact path; the oracle causal map is EXACT interventions re-run on the true ROM; the tuning curves are a DESCRIPTIVE active-trace recording (the recorder's documented purpose), not a bit-exact-vs-xitari claim.",
    "triad": {
      "F": 0.4670040692672171,
      "F_note": "Spearman(A3 game-variable selectivity, oracle causal importance) over 20 candidate cells",
      "M": 0.4666666666666667,
      "M_note": "1 − over-claim rate: fraction of strongly-tuned cells the oracle says are generic (non-causal)",
      "S": 0.1867641792316972,
      "S_note": "Pearson(A3 selectivity, held-out do(base+37) screen break) — sufficiency on a bit-exact re-run",