{
  "arrays": "A3_tuning_chopper_command.npz",
  "ci": null,
  "commit": "2a9ade4c",
  "extra": {
    "A3_tuning": {
      "clock_corr_per_cell": {
        "RAM[100]:wh": 0.0,
        "RAM[108]:value": 0.0,
        "RAM[110]:value": 0.0,
        "RAM[112]:value": 0.0,
        "RAM[17]:x": 0.8428313878723281,
        "RAM[2]:bomb.xy": 0.6654469782595045,
        "RAM[52]:b_shot_line": 0.08042171733458191,
        "RAM[55]:shot_lines": 0.046353439532238985,
        "RAM[58]:shot_lines": 0.0,
        "RAM[61]:shot_lines": 0.0,
        "RAM[64]:shot_lines": 0.0,
        "RAM[65]:xy": 0.8205058935375398,
        "RAM[66]:player.orientation": 0.13949332825191355,
        "RAM[67]:x0": 0.845783952854224,
        "RAM[68]:truck_x": 0.5943933196581772,
        "RAM[70]:bomb.xy": 0.6627634285621237,
        "RAM[71]:player.xy": 0.9882574861857569,
        "RAM[72]:player.xy": 0.78368393013213,
        "RAM[94]:bomb.xy": 0.6654469782595045,
        "RAM[95]:bomb.xy": 0.6654469782595048
      },
      "epiphenomenal_control": "frame_clock",
      "game_variable_signals": [
        "bomb.xy@2",
        "x@17",
        "b_shot_line@52",
        "shot_lines@55",
        "shot_lines@58",
        "shot_lines@61",
        "shot_lines@64",
        "xy@65",
        "player.orientation@66",
        "x0@67",
        "truck_x@68",
        "bomb.xy@70",
        "player.xy@71",
        "player.xy@72",
        "bomb.xy@94",
        "bomb.xy@95",
        "wh@100",
        "value@108",
        "value@110",
        "value@112"
      ],
      "game_variable_spurious_tuning_rate": 0.5,
      "gvar_selectivity_per_cell": {
        "RAM[100]:wh": 0.0,
        "RAM[108]:value": 0.0,
        "RAM[110]:value": 0.0,
        "RAM[112]:value": 0.0,
        "RAM[17]:x": 0.8836791947681903,
        "RAM[2]:bomb.xy": 1.0,
        "RAM[52]:b_shot_line": 0.2620686934124247,
        "RAM[55]:shot_lines": 0.30652851668910663,
        "RAM[58]:shot_lines": 0.0,
        "RAM[61]:shot_lines": 0.0,
        "RAM[64]:shot_lines": 0.0,
        "RAM[65]:xy": 0.8840276805114542,
        "RAM[66]:player.orientation": 0.30652851668910663,
        "RAM[67]:x0": 0.9290234190996625,
        "RAM[68]:truck_x": 0.9290234190996625,
        "RAM[70]:bomb.xy": 0.9994297008373693,
        "RAM[71]:player.xy": 0.8836791947681903,
        "RAM[72]:player.xy": 0.8840276805114542,
        "RAM[94]:bomb.xy": 1.0,
        "RAM[95]:bomb.xy": 0.9999999999999998
      },
      "luminance_corr_per_cell": {
        "RAM[100]:wh": 0.0,
        "RAM[108]:value": 0.0,
        "RAM[110]:value": 0.0,
        "RAM[112]:value": 0.0,
        "RAM[17]:x": 0.9477287187282494,
        "RAM[2]:bomb.xy": 0.4041394737687961,
        "RAM[52]:b_shot_line": 0.2148913023568193,
        "RAM[55]:shot_lines": 0.09254348670668193,
        "RAM[58]:shot_lines": 0.0,
        "RAM[61]:shot_lines": 0.0,
        "RAM[64]:shot_lines": 0.0,
        "RAM[65]:xy": 0.6580226759987214,
        "RAM[66]:player.orientation": 0.27056996331292577,
        "RAM[67]:x0": 0.741050068069257,
        "RAM[68]:truck_x": 0.48004061509149376,
        "RAM[70]:bomb.xy": 0.4069350756951764,
        "RAM[71]:player.xy": 0.9261313518228689,
        "RAM[72]:player.xy": 0.584948709478212,
        "RAM[94]:bomb.xy": 0.4041394737687961,
        "RAM[95]:bomb.xy": 0.40413947376879594
      },
      "luminance_spurious_tuning_rate": 0.3333333333333333,
      "n_spurious_gvar": 5,
      "n_spurious_luminance": 1,
      "n_strongly_tuned_gvar": 10,
      "n_strongly_tuned_luminance": 3,
      "note": "selectivity = max |corr| to a GAME variable (the cell's own self-column excluded; frame clock excluded — it is the epiphenomenal control). spurious = strongly-tuned (selectivity≥τ) but NOT causal by the oracle — the present≠used tuning-curve trap (experiment_design.md §4 A3, Phase-A's headline failure). The luminance family is the HARDWARE (no-T3) version of the same trap.",
      "spurious_gvar_cells": [
        "RAM[2]:bomb.xy",
        "RAM[17]:x",
        "RAM[70]:bomb.xy",
        "RAM[94]:bomb.xy",
        "RAM[95]:bomb.xy"
      ],
      "strongly_tuned_gvar_cells": [
        "RAM[2]:bomb.xy",
        "RAM[17]:x",
        "RAM[65]:xy",
        "RAM[67]:x0",
        "RAM[68]:truck_x",
        "RAM[70]:bomb.xy",
        "RAM[71]:player.xy",
        "RAM[72]:player.xy",
        "RAM[94]:bomb.xy",
        "RAM[95]:bomb.xy"
      ],
      "tau": 0.7,
      "trajectory_frames": 150,
      "trajectory_trace": "seeded random-action GAMEPLAY (seed=0, prefix=90+15, NOOP-continued past the window)"
    },
    "bit_exact_rerun": true,
    "candidate_cells": [
      "RAM[2]:bomb.xy",
      "RAM[17]:x",
      "RAM[52]:b_shot_line",
      "RAM[55]:shot_lines",
      "RAM[58]:shot_lines",
      "RAM[61]:shot_lines",
      "RAM[64]:shot_lines",
      "RAM[65]:xy",
      "RAM[66]:player.orientation",
      "RAM[67]:x0",
      "RAM[68]:truck_x",
      "RAM[70]:bomb.xy",
      "RAM[71]:player.xy",
      "RAM[72]:player.xy",
      "RAM[94]:bomb.xy",
      "RAM[95]:bomb.xy",
      "RAM[100]:wh",
      "RAM[108]:value",
      "RAM[110]:value",
      "RAM[112]:value"
    ],
    "candidate_ram_indices": [
      2,
      17,
      52,
      55,
      58,
      61,
      64,
      65,
      66,
      67,
      68,
      70,
      71,
      72,
      94,
      95,
      100,
      108,
      110,
      112
    ],
    "candidates_file": "candidates_chopper_command.json",
    "n_oracle_causal": 10,
    "oracle_importance_per_cell": {
      "RAM[100]:wh": 62.0,
      "RAM[108]:value": 133.0,
      "RAM[110]:value": 77.0,
      "RAM[112]:value": 52.0,
      "RAM[17]:x": 0.0,
      "RAM[2]:bomb.xy": 0.0,
      "RAM[52]:b_shot_line": 0.0,
      "RAM[55]:shot_lines": 0.0,
      "RAM[58]:shot_lines": 0.0,
      "RAM[61]:shot_lines": 0.0,
      "RAM[64]:shot_lines": 0.0,
      "RAM[65]:xy": 14582.0,
      "RAM[66]:player.orientation": 72.0,
      "RAM[67]:x0": 309.0,
      "RAM[68]:truck_x": 309.0,
      "RAM[70]:bomb.xy": 0.0,
      "RAM[71]:player.xy": 459.0,
      "RAM[72]:player.xy": 14582.0,
      "RAM[94]:bomb.xy": 0.0,
      "RAM[95]:bomb.xy": 0.0
    },
    "positive_control_oracle_as_method_F": 1.0,
    "rom_settings": "JuTari.RomSettingsModule.GenericRomSettings",
    "scales_to_cluster_via": "tools/cluster/xai_*.sbatch (E0-3) — the full A1..A8 battery over the core+breadth set; the forward is bit-exact to this HARD path.",
    "substrate": "jutari (Julia, HARD) — real-ROM bit-exact path; the oracle causal map is EXACT interventions re-run on the true ROM; the tuning curves are a DESCRIPTIVE active-trace recording (the recorder's documented purpose), not a bit-exact-vs-xitari claim.",
    "testbed": {
      "cause_density_above_floor": 16,
      "cause_density_accepted": true,
      "cause_density_floor": 0.5,
      "cause_density_gate_k": 4,
      "horizon": 15,
      "n_causes": 42,
      "note": "P2 redesign: the tuning study runs on a seeded random-action GAMEPLAY state (not the FIRE×4/attract tape), gated by the §1 oracle cause-density gate. Both the oracle causal map AND the descriptive tuning trajectory are stepped along the SAME gameplay stream so the game variable VARIES on genuine input-driven play. A3's tuning algorithm is unchanged; only the analysis state moves.",
      "prefix": 90,
      "seed": 0,
      "shared_output": "screen_region(n_changed_px)@r44c9",
      "state_kind": "seeded_random_action_gameplay"
    },
    "triad": {
      "F": 0.006585205292881106,
      "F_note": "Spearman(A3 game-variable selectivity, oracle causal importance) over 20 candidate cells",
      "M": 0.5,
      "M_note": "1 − over-claim rate: fraction of strongly-tuned cells the oracle says are generic (non-causal)",
      "S": 0.18005706600310617,
      "S_note": "Pearson(A3 selectivity, held-out do(base+37) screen break) — sufficiency on a bit-exact re-run",