{
  "arrays": "A3_tuning_yars_revenge.npz",
  "ci": null,
  "commit": "ddf78172",
  "extra": {
    "A3_tuning": {
      "clock_corr_per_cell": {
        "RAM[26]:xy": 0.9410107980134242,
        "RAM[31]:player_y": 0.4407772744530768,
        "RAM[32]:player_x": 0.967436728701771,
        "RAM[37]:player_missile_y": 0.4219208334355524,
        "RAM[38]:player_missile_x": 0.43018531892550704,
        "RAM[42]:enemy_y": 0.9410107980134242,
        "RAM[43]:enemy_x": 0.0,
        "RAM[46]:enemy_missile_y": 0.1518330023928118,
        "RAM[47]:enemy_missile_x": 0.00375923742966532,
        "RAM[96]:value": 0.0,
        "RAM[97]:value": 0.9186546667430279,
        "RAM[98]:value": 0.9156263364509389,
        "RAM[99]:value": 0.0
      },
      "epiphenomenal_control": "frame_clock",
      "game_variable_signals": [
        "player_y@31",
        "player_x@32",
        "player_missile_y@37",
        "player_missile_x@38",
        "enemy_y@42",
        "enemy_x@43",
        "enemy_missile_y@46",
        "enemy_missile_x@47",
        "xy@26",
        "value@96",
        "value@97",
        "value@98",
        "value@99"
      ],
      "game_variable_spurious_tuning_rate": 0.2857142857142857,
      "gvar_selectivity_per_cell": {
        "RAM[26]:xy": 1.0,
        "RAM[31]:player_y": 0.4397491050315053,
        "RAM[32]:player_x": 0.972568930499479,
        "RAM[37]:player_missile_y": 0.4779645092360734,
        "RAM[38]:player_missile_x": 0.47066713177090574,
        "RAM[42]:enemy_y": 1.0,
        "RAM[43]:enemy_x": 0.0,
        "RAM[46]:enemy_missile_y": 0.9889360884163754,
        "RAM[47]:enemy_missile_x": 0.9889360884163754,
        "RAM[96]:value": 0.0,
        "RAM[97]:value": 0.9996270598358918,
        "RAM[98]:value": 0.9996270598358918,
        "RAM[99]:value": 0.0
      },
      "luminance_corr_per_cell": {
        "RAM[26]:xy": 0.07982348651951898,
        "RAM[31]:player_y": 0.003669729333234245,
        "RAM[32]:player_x": 0.08715170295509096,
        "RAM[37]:player_missile_y": 0.0877535524505101,
        "RAM[38]:player_missile_x": 0.0036366446656938564,
        "RAM[42]:enemy_y": 0.07982348651951898,
        "RAM[43]:enemy_x": 0.0,
        "RAM[46]:enemy_missile_y": 0.1821549198178783,
        "RAM[47]:enemy_missile_x": 0.1678320148049701,
        "RAM[96]:value": 0.0,
        "RAM[97]:value": 0.10923706981635424,
        "RAM[98]:value": 0.11059061416157359,
        "RAM[99]:value": 0.0
      },
      "luminance_spurious_tuning_rate": 0.0,
      "n_spurious_gvar": 2,
      "n_spurious_luminance": 0,
      "n_strongly_tuned_gvar": 7,
      "n_strongly_tuned_luminance": 0,
      "note": "selectivity = max |corr| to a GAME variable (the cell's own self-column excluded; frame clock excluded — it is the epiphenomenal control). spurious = strongly-tuned (selectivity≥τ) but NOT causal by the oracle — the present≠used tuning-curve trap (experiment_design.md §4 A3, Phase-A's headline failure). The luminance family is the HARDWARE (no-T3) version of the same trap.",
      "spurious_gvar_cells": [
        "RAM[97]:value",
        "RAM[98]:value"
      ],
      "strongly_tuned_gvar_cells": [
        "RAM[32]:player_x",
        "RAM[42]:enemy_y",
        "RAM[46]:enemy_missile_y",
        "RAM[47]:enemy_missile_x",
        "RAM[26]:xy",
        "RAM[97]:value",
        "RAM[98]:value"
      ],
      "tau": 0.7,
      "trajectory_frames": 150,
      "trajectory_trace": "seeded random-action GAMEPLAY (seed=0, prefix=90+15, NOOP-continued past the window)"
    },
    "bit_exact_rerun": true,
    "candidate_cells": [
      "RAM[31]:player_y",
      "RAM[32]:player_x",
      "RAM[37]:player_missile_y",
      "RAM[38]:player_missile_x",
      "RAM[42]:enemy_y",
      "RAM[43]:enemy_x",
      "RAM[46]:enemy_missile_y",
      "RAM[47]:enemy_missile_x",
      "RAM[26]:xy",
      "RAM[96]:value",
      "RAM[97]:value",
      "RAM[98]:value",
      "RAM[99]:value"
    ],
    "candidate_ram_indices": [
      31,
      32,
      37,
      38,
      42,
      43,
      46,
      47,
      26,
      96,
      97,
      98,
      99
    ],
    "candidates_file": "candidates_yars_revenge.json",
    "n_oracle_causal": 7,
    "oracle_importance_per_cell": {
      "RAM[26]:xy": 136.0,
      "RAM[31]:player_y": 232.0,
      "RAM[32]:player_x": 72.0,
      "RAM[37]:player_missile_y": 0.0,
      "RAM[38]:player_missile_x": 4.0,
      "RAM[42]:enemy_y": 168.0,
      "RAM[43]:enemy_x": 0.0,
      "RAM[46]:enemy_missile_y": 16.0,
      "RAM[47]:enemy_missile_x": 16.0,
      "RAM[96]:value": 0.0,
      "RAM[97]:value": 0.0,
      "RAM[98]:value": 0.0,
      "RAM[99]:value": 0.0
    },
    "positive_control_oracle_as_method_F": 1.0,
    "rom_settings": "JuTari.RomSettingsModule.GenericRomSettings",
    "scales_to_cluster_via": "tools/cluster/xai_*.sbatch (E0-3) — the full A1..A8 battery over the core+breadth set; the forward is bit-exact to this HARD path.",
    "substrate": "jutari (Julia, HARD) — real-ROM bit-exact path; the oracle causal map is EXACT interventions re-run on the true ROM; the tuning curves are a DESCRIPTIVE active-trace recording (the recorder's documented purpose), not a bit-exact-vs-xitari claim.",
    "testbed": {
      "cause_density_above_floor": 11,
      "cause_density_accepted": true,
      "cause_density_floor": 0.5,
      "cause_density_gate_k": 4,
      "horizon": 15,
      "n_causes": 28,
      "note": "P2 redesign: the tuning study runs on a seeded random-action GAMEPLAY state (not the FIRE×4/attract tape), gated by the §1 oracle cause-density gate. Both the oracle causal map AND the descriptive tuning trajectory are stepped along the SAME gameplay stream so the game variable VARIES on genuine input-driven play. A3's tuning algorithm is unchanged; only the analysis state moves.",
      "prefix": 90,
      "seed": 0,
      "shared_output": "screen_region(n_changed_px)@r118c38",
      "state_kind": "seeded_random_action_gameplay"
    },
    "triad": {
      "F": 0.3945142898586108,
      "F_note": "Spearman(A3 game-variable selectivity, oracle causal importance) over 13 candidate cells",
      "M": 0.7,
      "M_note": "M = |U*|/|U_hat| (03_methods.tex sec:triad): |U*|=7 (oracle movers) / |U_hat|=10 (method above-threshold)",
      "S": 0.22262027288469005,
      "S_note": "Pearson(A3 selectivity, held-out do(base+37) screen break) — sufficiency on a bit-exact re-run",
      "interpretation": "Phase A is the calibration baseline (experiment_design.md §4): a tuning-curve importance map scores LOW faithfulness despite fully-known structure. F<1 / spurious-tuning>0 quantify where the classical analysis departs from the ground truth. The oracle-as-method positive control (F=1.0) confirms the harness rewards a perfectly-faithful map.",
      "legacy_minimality": 0.7142857142857143,
      "legacy_minimality_note": "1 − over-claim rate (the pre-standardization M): fraction of strongly-tuned cells the oracle says are generic. Retained for reference; the triad M above is the paper's |U*|/|U_hat|."
    }
  },
  "game": "yars_revenge",
  "method": "A3_tuning_curves(luminance+game_variable)+spurious_tuning_rate",
  "metric_name": "A3_game_variable_spurious_tuning_rate",
  "n": 13,
  "oracle_ref": "oracle_intervene@yars_revenge#screen-break",
  "paper": "P2",
  "phase": "phaseA_kording",
  "seed": 0,
  "state": "gameplay(seed=0,prefix=90)+15",
  "stderr": null,
  "target_output": "screen-break (oracle causal importance) vs tuning selectivity",
  "timestamp": "1783606671",
  "value": 0.2857142857142857,
  "where": "local"
}