{
  "arrays": "A3_tuning_jamesbond.npz",
  "ci": null,
  "commit": "ddf78172",
  "extra": {
    "A3_tuning": {
      "clock_corr_per_cell": {
        "RAM[111]:value": 0.0,
        "RAM[25]:xy": 0.5971617809150049,
        "RAM[27]:xy": 0.6491333803563655,
        "RAM[28]:value": 0.0,
        "RAM[29]:value": 0.0,
        "RAM[30]:value": 0.0,
        "RAM[31]:p_shot.xy": 0.36714522128695537,
        "RAM[38]:p_shot.xy": 0.301331901462566,
        "RAM[39]:xy": 0.0,
        "RAM[43]:xy": 0.9996667858723375,
        "RAM[59]:xy": 0.17102243704678266,
        "RAM[60]:xy": 0.17102243704678266,
        "RAM[61]:xy": 0.7792427583993956
      },
      "epiphenomenal_control": "frame_clock",
      "game_variable_signals": [
        "xy@25",
        "xy@27",
        "value@28",
        "value@29",
        "value@30",
        "p_shot.xy@31",
        "p_shot.xy@38",
        "xy@39",
        "xy@43",
        "xy@59",
        "xy@60",
        "xy@61",
        "value@111"
      ],
      "game_variable_spurious_tuning_rate": 0.3333333333333333,
      "gvar_selectivity_per_cell": {
        "RAM[111]:value": 0.0,
        "RAM[25]:xy": 0.6198622011182481,
        "RAM[27]:xy": 0.6493696870571635,
        "RAM[28]:value": 0.0,
        "RAM[29]:value": 0.0,
        "RAM[30]:value": 0.0,
        "RAM[31]:p_shot.xy": 0.9961591095653798,
        "RAM[38]:p_shot.xy": 0.9961591095653798,
        "RAM[39]:xy": 0.0,
        "RAM[43]:xy": 0.7780339754556259,
        "RAM[59]:xy": 1.0,
        "RAM[60]:xy": 1.0,
        "RAM[61]:xy": 0.7780339754556259
      },
      "luminance_corr_per_cell": {
        "RAM[111]:value": 0.0,
        "RAM[25]:xy": 0.05805099502746019,
        "RAM[27]:xy": 0.06685444507783558,
        "RAM[28]:value": 0.0,
        "RAM[29]:value": 0.0,
        "RAM[30]:value": 0.0,
        "RAM[31]:p_shot.xy": 0.025053185439612536,
        "RAM[38]:p_shot.xy": 0.03200381738591205,
        "RAM[39]:xy": 0.0,
        "RAM[43]:xy": 0.09551895842054377,
        "RAM[59]:xy": 0.10334469802529615,
        "RAM[60]:xy": 0.10334469802529615,
        "RAM[61]:xy": 0.037162425494259785
      },
      "luminance_spurious_tuning_rate": 0.0,
      "n_spurious_gvar": 2,
      "n_spurious_luminance": 0,
      "n_strongly_tuned_gvar": 6,
      "n_strongly_tuned_luminance": 0,
      "note": "selectivity = max |corr| to a GAME variable (the cell's own self-column excluded; frame clock excluded — it is the epiphenomenal control). spurious = strongly-tuned (selectivity≥τ) but NOT causal by the oracle — the present≠used tuning-curve trap (experiment_design.md §4 A3, Phase-A's headline failure). The luminance family is the HARDWARE (no-T3) version of the same trap.",
      "spurious_gvar_cells": [
        "RAM[59]:xy",
        "RAM[60]:xy"
      ],
      "strongly_tuned_gvar_cells": [
        "RAM[31]:p_shot.xy",
        "RAM[38]:p_shot.xy",
        "RAM[43]:xy",
        "RAM[59]:xy",
        "RAM[60]:xy",
        "RAM[61]:xy"
      ],
      "tau": 0.7,
      "trajectory_frames": 150,
      "trajectory_trace": "seeded random-action GAMEPLAY (seed=0, prefix=90+15, NOOP-continued past the window)"
    },
    "bit_exact_rerun": true,
    "candidate_cells": [
      "RAM[25]:xy",
      "RAM[27]:xy",
      "RAM[28]:value",
      "RAM[29]:value",
      "RAM[30]:value",
      "RAM[31]:p_shot.xy",
      "RAM[38]:p_shot.xy",
      "RAM[39]:xy",
      "RAM[43]:xy",
      "RAM[59]:xy",
      "RAM[60]:xy",
      "RAM[61]:xy",
      "RAM[111]:value"
    ],
    "candidate_ram_indices": [
      25,
      27,
      28,
      29,
      30,
      31,
      38,
      39,
      43,
      59,
      60,
      61,
      111
    ],
    "candidates_file": "candidates_jamesbond.json",
    "n_oracle_causal": 7,
    "oracle_importance_per_cell": {
      "RAM[111]:value": 0.0,
      "RAM[25]:xy": 200.0,
      "RAM[27]:xy": 1932.0,
      "RAM[28]:value": 0.0,
      "RAM[29]:value": 159.0,
      "RAM[30]:value": 0.0,
      "RAM[31]:p_shot.xy": 228.0,
      "RAM[38]:p_shot.xy": 27.0,
      "RAM[39]:xy": 0.0,
      "RAM[43]:xy": 832.0,
      "RAM[59]:xy": 0.0,
      "RAM[60]:xy": 0.0,
      "RAM[61]:xy": 25.0
    },
    "positive_control_oracle_as_method_F": 1.0,
    "rom_settings": "JuTari.RomSettingsModule.GenericRomSettings",
    "scales_to_cluster_via": "tools/cluster/xai_*.sbatch (E0-3) — the full A1..A8 battery over the core+breadth set; the forward is bit-exact to this HARD path.",
    "substrate": "jutari (Julia, HARD) — real-ROM bit-exact path; the oracle causal map is EXACT interventions re-run on the true ROM; the tuning curves are a DESCRIPTIVE active-trace recording (the recorder's documented purpose), not a bit-exact-vs-xitari claim.",
    "testbed": {
      "cause_density_above_floor": 13,
      "cause_density_accepted": true,
      "cause_density_floor": 0.5,
      "cause_density_gate_k": 4,
      "horizon": 15,
      "n_causes": 28,
      "note": "P2 redesign: the tuning study runs on a seeded random-action GAMEPLAY state (not the FIRE×4/attract tape), gated by the §1 oracle cause-density gate. Both the oracle causal map AND the descriptive tuning trajectory are stepped along the SAME gameplay stream so the game variable VARIES on genuine input-driven play. A3's tuning algorithm is unchanged; only the analysis state moves.",
      "prefix": 90,
      "seed": 0,
      "shared_output": "screen_region(n_changed_px)@r121c35",
      "state_kind": "seeded_random_action_gameplay"
    },
    "triad": {
      "F": 0.18808987203611782,
      "F_note": "Spearman(A3 game-variable selectivity, oracle causal importance) over 13 candidate cells",
      "M": 0.875,
      "M_note": "M = |U*|/|U_hat| (03_methods.tex sec:triad): |U*|=7 (oracle movers) / |U_hat|=8 (method above-threshold)",
      "S": 0.129782474238937,
      "S_note": "Pearson(A3 selectivity, held-out do(base+37) screen break) — sufficiency on a bit-exact re-run",
      "interpretation": "Phase A is the calibration baseline (experiment_design.md §4): a tuning-curve importance map scores LOW faithfulness despite fully-known structure. F<1 / spurious-tuning>0 quantify where the classical analysis departs from the ground truth. The oracle-as-method positive control (F=1.0) confirms the harness rewards a perfectly-faithful map.",
      "legacy_minimality": 0.6666666666666667,
      "legacy_minimality_note": "1 − over-claim rate (the pre-standardization M): fraction of strongly-tuned cells the oracle says are generic. Retained for reference; the triad M above is the paper's |U*|/|U_hat|."
    }
  },
  "game": "jamesbond",
  "method": "A3_tuning_curves(luminance+game_variable)+spurious_tuning_rate",
  "metric_name": "A3_game_variable_spurious_tuning_rate",
  "n": 13,
  "oracle_ref": "oracle_intervene@jamesbond#screen-break",
  "paper": "P2",
  "phase": "phaseA_kording",
  "seed": 0,
  "state": "gameplay(seed=0,prefix=90)+15",
  "stderr": null,
  "target_output": "screen-break (oracle causal importance) vs tuning selectivity",
  "timestamp": "1783605656",
  "value": 0.3333333333333333,
  "where": "local"
}