{
  "arrays": "A3_tuning_air_raid.npz",
  "ci": null,
  "commit": "2a9ade4c",
  "extra": {
    "A3_tuning": {
      "clock_corr_per_cell": {
        "RAM[19]:player.xy": 0.495271136601499,
        "RAM[20]:b1.xy": 0.9999333281476707,
        "RAM[21]:b2.xy": 0.7490267524886433,
        "RAM[27]:b1.damage": 0.0,
        "RAM[28]:b2.damage": 0.0,
        "RAM[39]:lives.lives": 0.0,
        "RAM[40]:a": 0.0,
        "RAM[41]:b": 0.6748977037517292,
        "RAM[42]:c": 0.10708490238566552,
        "RAM[83]:enemy_missile.xy": 0.0,
        "RAM[84]:enemy_missile.xy": 0.0,
        "RAM[85]:player_missile.xy": 0.03050983137632165,
        "RAM[86]:player_missile.xy": 0.2774623972500953
      },
      "epiphenomenal_control": "frame_clock",
      "game_variable_signals": [
        "player.xy@19",
        "b1.xy@20",
        "b2.xy@21",
        "b1.damage@27",
        "b2.damage@28",
        "lives.lives@39",
        "a@40",
        "b@41",
        "c@42",
        "enemy_missile.xy@83",
        "enemy_missile.xy@84",
        "player_missile.xy@85",
        "player_missile.xy@86"
      ],
      "game_variable_spurious_tuning_rate": 0.0,
      "gvar_selectivity_per_cell": {
        "RAM[19]:player.xy": 0.6416929685636651,
        "RAM[20]:b1.xy": 0.749076694819423,
        "RAM[21]:b2.xy": 0.749076694819423,
        "RAM[27]:b1.damage": 0.0,
        "RAM[28]:b2.damage": 0.0,
        "RAM[39]:lives.lives": 0.0,
        "RAM[40]:a": 0.0,
        "RAM[41]:b": 0.6749427034319833,
        "RAM[42]:c": 0.6416929685636651,
        "RAM[83]:enemy_missile.xy": 0.0,
        "RAM[84]:enemy_missile.xy": 0.0,
        "RAM[85]:player_missile.xy": 0.44059398598014754,
        "RAM[86]:player_missile.xy": 0.27620055083873746
      },
      "luminance_corr_per_cell": {
        "RAM[19]:player.xy": 0.3436552737699935,
        "RAM[20]:b1.xy": 0.7737963648478943,
        "RAM[21]:b2.xy": 0.7874619946764225,
        "RAM[27]:b1.damage": 0.0,
        "RAM[28]:b2.damage": 0.0,
        "RAM[39]:lives.lives": 0.0,
        "RAM[40]:a": 0.0,
        "RAM[41]:b": 0.44674407286860973,
        "RAM[42]:c": 0.13262668685857015,
        "RAM[83]:enemy_missile.xy": 0.0,
        "RAM[84]:enemy_missile.xy": 0.0,
        "RAM[85]:player_missile.xy": 0.23108375435514872,
        "RAM[86]:player_missile.xy": 0.06788714543569495
      },
      "luminance_spurious_tuning_rate": 0.0,
      "n_spurious_gvar": 0,
      "n_spurious_luminance": 0,
      "n_strongly_tuned_gvar": 2,
      "n_strongly_tuned_luminance": 2,
      "note": "selectivity = max |corr| to a GAME variable (the cell's own self-column excluded; frame clock excluded — it is the epiphenomenal control). spurious = strongly-tuned (selectivity≥τ) but NOT causal by the oracle — the present≠used tuning-curve trap (experiment_design.md §4 A3, Phase-A's headline failure). The luminance family is the HARDWARE (no-T3) version of the same trap.",
      "spurious_gvar_cells": [],
      "strongly_tuned_gvar_cells": [
        "RAM[20]:b1.xy",
        "RAM[21]:b2.xy"
      ],
      "tau": 0.7,
      "trajectory_frames": 150,
      "trajectory_trace": "seeded random-action GAMEPLAY (seed=0, prefix=90+15, NOOP-continued past the window)"
    },
    "bit_exact_rerun": true,
    "candidate_cells": [
      "RAM[19]:player.xy",
      "RAM[20]:b1.xy",
      "RAM[21]:b2.xy",
      "RAM[27]:b1.damage",
      "RAM[28]:b2.damage",
      "RAM[39]:lives.lives",
      "RAM[40]:a",
      "RAM[41]:b",
      "RAM[42]:c",
      "RAM[83]:enemy_missile.xy",
      "RAM[84]:enemy_missile.xy",
      "RAM[85]:player_missile.xy",
      "RAM[86]:player_missile.xy"
    ],
    "candidate_ram_indices": [
      19,
      20,
      21,
      27,
      28,
      39,
      40,
      41,
      42,
      83,
      84,
      85,
      86
    ],
    "candidates_file": "candidates_air_raid.json",
    "n_oracle_causal": 10,
    "oracle_importance_per_cell": {
      "RAM[19]:player.xy": 132.0,
      "RAM[20]:b1.xy": 1664.0,
      "RAM[21]:b2.xy": 1600.0,
      "RAM[27]:b1.damage": 696.0,
      "RAM[28]:b2.damage": 576.0,
      "RAM[39]:lives.lives": 0.0,
      "RAM[40]:a": 120.0,
      "RAM[41]:b": 56.0,
      "RAM[42]:c": 53.0,
      "RAM[83]:enemy_missile.xy": 4.0,
      "RAM[84]:enemy_missile.xy": 0.0,
      "RAM[85]:player_missile.xy": 4.0,
      "RAM[86]:player_missile.xy": 0.0
    },
    "positive_control_oracle_as_method_F": 1.0,
    "rom_settings": "JuTari.RomSettingsModule.GenericRomSettings",
    "scales_to_cluster_via": "tools/cluster/xai_*.sbatch (E0-3) — the full A1..A8 battery over the core+breadth set; the forward is bit-exact to this HARD path.",
    "substrate": "jutari (Julia, HARD) — real-ROM bit-exact path; the oracle causal map is EXACT interventions re-run on the true ROM; the tuning curves are a DESCRIPTIVE active-trace recording (the recorder's documented purpose), not a bit-exact-vs-xitari claim.",
    "testbed": {
      "cause_density_above_floor": 14,
      "cause_density_accepted": true,
      "cause_density_floor": 0.5,
      "cause_density_gate_k": 4,
      "horizon": 15,
      "n_causes": 28,
      "note": "P2 redesign: the tuning study runs on a seeded random-action GAMEPLAY state (not the FIRE×4/attract tape), gated by the §1 oracle cause-density gate. Both the oracle causal map AND the descriptive tuning trajectory are stepped along the SAME gameplay stream so the game variable VARIES on genuine input-driven play. A3's tuning algorithm is unchanged; only the analysis state moves.",
      "prefix": 90,
      "seed": 0,
      "shared_output": "screen_region(n_changed_px)@r162c64",
      "state_kind": "seeded_random_action_gameplay"
    },
    "triad": {
      "F": 0.44509092864955974,
      "F_note": "Spearman(A3 game-variable selectivity, oracle causal importance) over 13 candidate cells",
      "M": 1.0,
      "M_note": "1 − over-claim rate: fraction of strongly-tuned cells the oracle says are generic (non-causal)",
      "S": 0.441391028390696,
      "S_note": "Pearson(A3 selectivity, held-out do(base+37) screen break) — sufficiency on a bit-exact re-run",
      "interpretation": "Phase A is the calibration baseline (experiment_design.md §4): a tuning-curve importance map scores LOW faithfulness despite fully-known structure. F<1 / spurious-tuning>0 quantify where the classical analysis departs from the ground truth. The oracle-as-method positive control (F=1.0) confirms the harness rewards a perfectly-faithful map."
    }
  },
  "game": "air_raid",
  "method": "A3_tuning_curves(luminance+game_variable)+spurious_tuning_rate",
  "metric_name": "A3_game_variable_spurious_tuning_rate",
  "n": 13,
  "oracle_ref": "oracle_intervene@air_raid#screen-break",
  "paper": "P2",
  "phase": "phaseA_kording",
  "seed": 0,
  "state": "gameplay(seed=0,prefix=90)+15",
  "stderr": null,
  "target_output": "screen-break (oracle causal importance) vs tuning selectivity",
  "timestamp": "1783065143",
  "value": 0.0,
  "where": "local"
}