{
  "arrays": "A3_tuning_phoenix.npz",
  "ci": null,
  "commit": "ddf78172",
  "extra": {
    "A3_tuning": {
      "clock_corr_per_cell": {
        "RAM[27]:left1": 0.3488946973846656,
        "RAM[30]:left2": 0.049378169292712784,
        "RAM[33]:left1": 0.0,
        "RAM[36]:left2": 0.049378169292712784,
        "RAM[71]:value": 0.47936499539580324,
        "RAM[72]:value": 0.8648120643599498,
        "RAM[73]:value": 0.0,
        "RAM[75]:lives": 0.0,
        "RAM[89]:xy": 0.4928881582307428,
        "RAM[93]:xy": 0.5119286149993176,
        "RAM[94]:xy": 0.37232059670496914,
        "RAM[95]:(unnamed)": 0.0
      },
      "epiphenomenal_control": "frame_clock",
      "game_variable_signals": [
        "left1@27",
        "left2@30",
        "left1@33",
        "left2@36",
        "value@71",
        "value@72",
        "value@73",
        "lives@75",
        "xy@89",
        "xy@93",
        "xy@94",
        "RAM[95]"
      ],
      "game_variable_spurious_tuning_rate": 0.0,
      "gvar_selectivity_per_cell": {
        "RAM[27]:left1": 0.2248997024031704,
        "RAM[30]:left2": 1.0,
        "RAM[33]:left1": 0.0,
        "RAM[36]:left2": 1.0,
        "RAM[71]:value": 0.7788580367112391,
        "RAM[72]:value": 0.7788580367112391,
        "RAM[73]:value": 0.0,
        "RAM[75]:lives": 0.0,
        "RAM[89]:xy": 0.2944165715926583,
        "RAM[93]:xy": 0.5322073504616228,
        "RAM[94]:xy": 0.5322073504616228,
        "RAM[95]:(unnamed)": 0.0
      },
      "luminance_corr_per_cell": {
        "RAM[27]:left1": 0.1611987047134923,
        "RAM[30]:left2": 0.6740296553443642,
        "RAM[33]:left1": 0.0,
        "RAM[36]:left2": 0.6740296553443642,
        "RAM[71]:value": 0.29788192654222717,
        "RAM[72]:value": 0.0389782795514034,
        "RAM[73]:value": 0.0,
        "RAM[75]:lives": 0.0,
        "RAM[89]:xy": 0.2004342858868294,
        "RAM[93]:xy": 0.5949659382357309,
        "RAM[94]:xy": 0.4019083459117242,
        "RAM[95]:(unnamed)": 0.0
      },
      "luminance_spurious_tuning_rate": 0.0,
      "n_spurious_gvar": 0,
      "n_spurious_luminance": 0,
      "n_strongly_tuned_gvar": 4,
      "n_strongly_tuned_luminance": 0,
      "note": "selectivity = max |corr| to a GAME variable (the cell's own self-column excluded; frame clock excluded — it is the epiphenomenal control). spurious = strongly-tuned (selectivity≥τ) but NOT causal by the oracle — the present≠used tuning-curve trap (experiment_design.md §4 A3, Phase-A's headline failure). The luminance family is the HARDWARE (no-T3) version of the same trap.",
      "spurious_gvar_cells": [],
      "strongly_tuned_gvar_cells": [
        "RAM[30]:left2",
        "RAM[36]:left2",
        "RAM[71]:value",
        "RAM[72]:value"
      ],
      "tau": 0.7,
      "trajectory_frames": 150,
      "trajectory_trace": "seeded random-action GAMEPLAY (seed=0, prefix=90+15, NOOP-continued past the window)"
    },
    "bit_exact_rerun": true,
    "candidate_cells": [
      "RAM[27]:left1",
      "RAM[30]:left2",
      "RAM[33]:left1",
      "RAM[36]:left2",
      "RAM[71]:value",
      "RAM[72]:value",
      "RAM[73]:value",
      "RAM[75]:lives",
      "RAM[89]:xy",
      "RAM[93]:xy",
      "RAM[94]:xy",
      "RAM[95]:(unnamed)"
    ],
    "candidate_ram_indices": [
      27,
      30,
      33,
      36,
      71,
      72,
      73,
      75,
      89,
      93,
      94,
      95
    ],
    "candidates_file": "candidates_phoenix.json",
    "n_oracle_causal": 8,
    "oracle_importance_per_cell": {
      "RAM[27]:left1": 197.0,
      "RAM[30]:left2": 58.0,
      "RAM[33]:left1": 0.0,
      "RAM[36]:left2": 56.0,
      "RAM[71]:value": 29.0,
      "RAM[72]:value": 56.0,
      "RAM[73]:value": 79.0,
      "RAM[75]:lives": 88.0,
      "RAM[89]:xy": 6.0,
      "RAM[93]:xy": 0.0,
      "RAM[94]:xy": 0.0,
      "RAM[95]:(unnamed)": 0.0
    },
    "positive_control_oracle_as_method_F": 1.0,
    "rom_settings": "JuTari.RomSettingsModule.GenericRomSettings",
    "scales_to_cluster_via": "tools/cluster/xai_*.sbatch (E0-3) — the full A1..A8 battery over the core+breadth set; the forward is bit-exact to this HARD path.",
    "substrate": "jutari (Julia, HARD) — real-ROM bit-exact path; the oracle causal map is EXACT interventions re-run on the true ROM; the tuning curves are a DESCRIPTIVE active-trace recording (the recorder's documented purpose), not a bit-exact-vs-xitari claim.",
    "testbed": {
      "cause_density_above_floor": 12,
      "cause_density_accepted": true,
      "cause_density_floor": 0.5,
      "cause_density_gate_k": 4,
      "horizon": 15,
      "n_causes": 26,
      "note": "P2 redesign: the tuning study runs on a seeded random-action GAMEPLAY state (not the FIRE×4/attract tape), gated by the §1 oracle cause-density gate. Both the oracle causal map AND the descriptive tuning trajectory are stepped along the SAME gameplay stream so the game variable VARIES on genuine input-driven play. A3's tuning algorithm is unchanged; only the analysis state moves.",
      "prefix": 90,
      "seed": 0,
      "shared_output": "screen_region(n_changed_px)@r53c84",
      "state_kind": "seeded_random_action_gameplay"
    },
    "triad": {
      "F": 0.025547615401063418,
      "F_note": "Spearman(A3 game-variable selectivity, oracle causal importance) over 12 candidate cells",
      "M": 1.0,
      "M_note": "M = |U*|/|U_hat| (03_methods.tex sec:triad): |U*|=8 (oracle movers) / |U_hat|=8 (method above-threshold)",
      "S": -0.18413165459762007,
      "S_note": "Pearson(A3 selectivity, held-out do(base+37) screen break) — sufficiency on a bit-exact re-run",
      "interpretation": "Phase A is the calibration baseline (experiment_design.md §4): a tuning-curve importance map scores LOW faithfulness despite fully-known structure. F<1 / spurious-tuning>0 quantify where the classical analysis departs from the ground truth. The oracle-as-method positive control (F=1.0) confirms the harness rewards a perfectly-faithful map.",
      "legacy_minimality": 1.0,
      "legacy_minimality_note": "1 − over-claim rate (the pre-standardization M): fraction of strongly-tuned cells the oracle says are generic. Retained for reference; the triad M above is the paper's |U*|/|U_hat|."
    }
  },
  "game": "phoenix",
  "method": "A3_tuning_curves(luminance+game_variable)+spurious_tuning_rate",
  "metric_name": "A3_game_variable_spurious_tuning_rate",
  "n": 12,
  "oracle_ref": "oracle_intervene@phoenix#screen-break",
  "paper": "P2",
  "phase": "phaseA_kording",
  "seed": 0,
  "state": "gameplay(seed=0,prefix=90)+15",
  "stderr": null,
  "target_output": "screen-break (oracle causal importance) vs tuning selectivity",
  "timestamp": "1783606020",
  "value": 0.0,
  "where": "local"
}