{
  "arrays": "A3_tuning_pitfall.npz",
  "ci": null,
  "commit": "d85961ed",
  "extra": {
    "A3_tuning": {
      "clock_corr_per_cell": {
        "RAM[105]:player_y": 0.5155009826581055,
        "RAM[18]:bottom_of_rope_x": 0.1467727928122545,
        "RAM[20]:index": 0.5760915005030578,
        "RAM[32]:objects_list": 0.5760915005030575,
        "RAM[46]:wh1": 0.43139118590828357,
        "RAM[65]:s.wh": 0.4435521714061082,
        "RAM[85]:p1.value": 0.0,
        "RAM[86]:p1.value": 0.0,
        "RAM[87]:p1.value": 0.0,
        "RAM[88]:t1.value": 0.8461078444129233,
        "RAM[89]:t1.value": 0.8427710960004966,
        "RAM[90]:t1.value": 0.0864239441572921,
        "RAM[92]:theta_t": 0.11378646990415522,
        "RAM[97]:player_x": 0.43892851150218487,
        "RAM[98]:enemy_logs_x": 0.5760915005030578,
        "RAM[99]:enemy_scorpion_x": 0.3552970059526734
      },
      "epiphenomenal_control": "frame_clock",
      "game_variable_signals": [
        "bottom_of_rope_x@18",
        "player_x@97",
        "enemy_logs_x@98",
        "enemy_scorpion_x@99",
        "player_y@105",
        "index@20",
        "objects_list@32",
        "wh1@46",
        "s.wh@65",
        "p1.value@85",
        "p1.value@86",
        "p1.value@87",
        "t1.value@88",
        "t1.value@89",
        "t1.value@90",
        "theta_t@92"
      ],
      "game_variable_spurious_tuning_rate": 0.45454545454545453,
      "gvar_selectivity_per_cell": {
        "RAM[105]:player_y": 0.4081909358013755,
        "RAM[18]:bottom_of_rope_x": 0.9701176321690513,
        "RAM[20]:index": 1.0,
        "RAM[32]:objects_list": 1.0,
        "RAM[46]:wh1": 0.7871136945796762,
        "RAM[65]:s.wh": 0.7325467874207507,
        "RAM[85]:p1.value": 0.0,
        "RAM[86]:p1.value": 0.0,
        "RAM[87]:p1.value": 0.0,
        "RAM[88]:t1.value": 0.9999636782508364,
        "RAM[89]:t1.value": 0.9999636782508364,
        "RAM[90]:t1.value": 0.40559218398724584,
        "RAM[92]:theta_t": 0.9701176321690513,
        "RAM[97]:player_x": 0.9908006093323433,
        "RAM[98]:enemy_logs_x": 1.0,
        "RAM[99]:enemy_scorpion_x": 0.9908006093323433
      },
      "luminance_corr_per_cell": {
        "RAM[105]:player_y": 0.2677532194816363,
        "RAM[18]:bottom_of_rope_x": 0.4707874190865762,
        "RAM[20]:index": 0.9932420064498049,
        "RAM[32]:objects_list": 0.9932420064498042,
        "RAM[46]:wh1": 0.16215800988411114,
        "RAM[65]:s.wh": 0.7283560103931411,
        "RAM[85]:p1.value": 0.0,
        "RAM[86]:p1.value": 0.0,
        "RAM[87]:p1.value": 0.0,
        "RAM[88]:t1.value": 0.5397658315783403,
        "RAM[89]:t1.value": 0.5397023426389174,
        "RAM[90]:t1.value": 0.33452182273045944,
        "RAM[92]:theta_t": 0.49177193825771365,
        "RAM[97]:player_x": 0.9636037837952884,
        "RAM[98]:enemy_logs_x": 0.9932420064498049,
        "RAM[99]:enemy_scorpion_x": 0.9463742920957919
      },
      "luminance_spurious_tuning_rate": 0.3333333333333333,
      "n_spurious_gvar": 5,
      "n_spurious_luminance": 2,
      "n_strongly_tuned_gvar": 11,
      "n_strongly_tuned_luminance": 6,
      "note": "selectivity = max |corr| to a GAME variable (the cell's own self-column excluded; frame clock excluded — it is the epiphenomenal control). spurious = strongly-tuned (selectivity≥τ) but NOT causal by the oracle — the present≠used tuning-curve trap (experiment_design.md §4 A3, Phase-A's headline failure). The luminance family is the HARDWARE (no-T3) version of the same trap.",
      "spurious_gvar_cells": [
        "RAM[18]:bottom_of_rope_x",
        "RAM[32]:objects_list",
        "RAM[46]:wh1",
        "RAM[65]:s.wh",
        "RAM[92]:theta_t"
      ],
      "strongly_tuned_gvar_cells": [
        "RAM[18]:bottom_of_rope_x",
        "RAM[97]:player_x",
        "RAM[98]:enemy_logs_x",
        "RAM[99]:enemy_scorpion_x",
        "RAM[20]:index",
        "RAM[32]:objects_list",
        "RAM[46]:wh1",
        "RAM[65]:s.wh",
        "RAM[88]:t1.value",
        "RAM[89]:t1.value",
        "RAM[92]:theta_t"
      ],
      "tau": 0.7,
      "trajectory_frames": 150,
      "trajectory_trace": "seeded random-action GAMEPLAY (seed=0, prefix=90+15, NOOP-continued past the window)"
    },
    "bit_exact_rerun": true,
    "candidate_cells": [
      "RAM[18]:bottom_of_rope_x",
      "RAM[97]:player_x",
      "RAM[98]:enemy_logs_x",
      "RAM[99]:enemy_scorpion_x",
      "RAM[105]:player_y",
      "RAM[20]:index",
      "RAM[32]:objects_list",
      "RAM[46]:wh1",
      "RAM[65]:s.wh",
      "RAM[85]:p1.value",
      "RAM[86]:p1.value",
      "RAM[87]:p1.value",
      "RAM[88]:t1.value",
      "RAM[89]:t1.value",
      "RAM[90]:t1.value",
      "RAM[92]:theta_t"
    ],
    "candidate_ram_indices": [
      18,
      97,
      98,
      99,
      105,
      20,
      32,
      46,
      65,
      85,
      86,
      87,
      88,
      89,
      90,
      92
    ],
    "candidates_file": "candidates_pitfall.json",
    "n_oracle_causal": 11,
    "oracle_importance_per_cell": {
      "RAM[105]:player_y": 104.0,
      "RAM[18]:bottom_of_rope_x": 0.0,
      "RAM[20]:index": 515.0,
      "RAM[32]:objects_list": 0.0,
      "RAM[46]:wh1": 0.0,
      "RAM[65]:s.wh": 0.0,
      "RAM[85]:p1.value": 52.0,
      "RAM[86]:p1.value": 89.0,
      "RAM[87]:p1.value": 74.0,
      "RAM[88]:t1.value": 66.0,
      "RAM[89]:t1.value": 58.0,
      "RAM[90]:t1.value": 8.0,
      "RAM[92]:theta_t": 0.0,
      "RAM[97]:player_x": 2839.0,
      "RAM[98]:enemy_logs_x": 190.0,
      "RAM[99]:enemy_scorpion_x": 73.0
    },
    "positive_control_oracle_as_method_F": 1.0,
    "rom_settings": "JuTari.RomSettingsModule.GenericRomSettings",
    "scales_to_cluster_via": "tools/cluster/xai_*.sbatch (E0-3) — the full A1..A8 battery over the core+breadth set; the forward is bit-exact to this HARD path.",
    "substrate": "jutari (Julia, HARD) — real-ROM bit-exact path; the oracle causal map is EXACT interventions re-run on the true ROM; the tuning curves are a DESCRIPTIVE active-trace recording (the recorder's documented purpose), not a bit-exact-vs-xitari claim.",
    "testbed": {
      "cause_density_above_floor": 19,
      "cause_density_accepted": true,
      "cause_density_floor": 0.5,
      "cause_density_gate_k": 4,
      "horizon": 15,
      "n_causes": 34,
      "note": "P2 redesign: the tuning study runs on a seeded random-action GAMEPLAY state (not the FIRE×4/attract tape), gated by the §1 oracle cause-density gate. Both the oracle causal map AND the descriptive tuning trajectory are stepped along the SAME gameplay stream so the game variable VARIES on genuine input-driven play. A3's tuning algorithm is unchanged; only the analysis state moves.",
      "prefix": 90,
      "seed": 0,
      "shared_output": "screen_region(n_changed_px)@r120c61",
      "state_kind": "seeded_random_action_gameplay"
    },
    "triad": {
      "F": 0.14597776417104621,
      "F_note": "Spearman(A3 game-variable selectivity, oracle causal importance) over 16 candidate cells",
      "M": 0.5454545454545454,
      "M_note": "1 − over-claim rate: fraction of strongly-tuned cells the oracle says are generic (non-causal)",
      "S": 0.25791481273808803,
      "S_note": "Pearson(A3 selectivity, held-out do(base+37) screen break) — sufficiency on a bit-exact re-run",
      "interpretation": "Phase A is the calibration baseline (experiment_design.md §4): a tuning-curve importance map scores LOW faithfulness despite fully-known structure. F<1 / spurious-tuning>0 quantify where the classical analysis departs from the ground truth. The oracle-as-method positive control (F=1.0) confirms the harness rewards a perfectly-faithful map."
    }
  },
  "game": "pitfall",
  "method": "A3_tuning_curves(luminance+game_variable)+spurious_tuning_rate",
  "metric_name": "A3_game_variable_spurious_tuning_rate",
  "n": 16,
  "oracle_ref": "oracle_intervene@pitfall#screen-break",
  "paper": "P2",
  "phase": "phaseA_kording",
  "seed": 0,