{
  "arrays": "A3_tuning_private_eye.npz",
  "ci": null,
  "commit": "2a9ade4c",
  "extra": {
    "A3_tuning": {
      "clock_corr_per_cell": {
        "RAM[38]:xy": 0.0,
        "RAM[39]:dove_y": 0.0,
        "RAM[40]:xy": 0.0,
        "RAM[44]:xy": 0.0,
        "RAM[47]:x": 0.0,
        "RAM[48]:dove_x": 0.0,
        "RAM[49]:xy": 0.0,
        "RAM[51]:wh": 0.0,
        "RAM[58]:player_direction": 0.0,
        "RAM[63]:player_x": 0.9969414899688576,
        "RAM[67]:clock[0]": 0.8461078444129232,
        "RAM[68]:clock[1]": 0.18507878134679037,
        "RAM[69]:value": 0.8427710960004966,
        "RAM[72]:value": 0.0,
        "RAM[73]:value": 0.0,
        "RAM[74]:value": 0.0,
        "RAM[77]:score[0]": 0.0,
        "RAM[78]:score[1]": 0.0,
        "RAM[79]:score[2]": 0.0,
        "RAM[84]:car.xy": 0.08842430308538735,
        "RAM[86]:player_y": 0.24611688769702106,
        "RAM[88]:car.xy": 0.0,
        "RAM[92]:room_number": 0.0,
        "RAM[97]:player._xy": 0.12486828697105957
      },
      "epiphenomenal_control": "frame_clock",
      "game_variable_signals": [
        "dove_y@39",
        "dove_x@48",
        "player_direction@58",
        "player_x@63",
        "clock[0]@67",
        "clock[1]@68",
        "score[0]@77",
        "score[1]@78",
        "score[2]@79",
        "player_y@86",
        "room_number@92",
        "xy@38",
        "xy@40",
        "xy@44",
        "x@47",
        "xy@49",
        "wh@51",
        "value@69",
        "value@72",
        "value@73",
        "value@74",
        "car.xy@84",
        "car.xy@88",
        "player._xy@97",
        "score_raw@77"
      ],
      "game_variable_spurious_tuning_rate": 0.2,
      "gvar_selectivity_per_cell": {
        "RAM[38]:xy": 0.0,
        "RAM[39]:dove_y": 0.0,
        "RAM[40]:xy": 0.0,
        "RAM[44]:xy": 0.0,
        "RAM[47]:x": 0.0,
        "RAM[48]:dove_x": 0.0,
        "RAM[49]:xy": 0.0,
        "RAM[51]:wh": 0.0,
        "RAM[58]:player_direction": 0.0,
        "RAM[63]:player_x": 0.8551046504334766,
        "RAM[67]:clock[0]": 0.9999636782508353,
        "RAM[68]:clock[1]": 0.1859813682910835,
        "RAM[69]:value": 0.9999636782508353,
        "RAM[72]:value": 0.0,
        "RAM[73]:value": 0.0,
        "RAM[74]:value": 0.0,
        "RAM[77]:score[0]": 0.0,
        "RAM[78]:score[1]": 0.0,
        "RAM[79]:score[2]": 0.0,
        "RAM[84]:car.xy": 0.6724596942867976,
        "RAM[86]:player_y": 0.8889081082762096,
        "RAM[88]:car.xy": 0.0,
        "RAM[92]:room_number": 0.0,
        "RAM[97]:player._xy": 0.8889081082762096
      },
      "luminance_corr_per_cell": {
        "RAM[38]:xy": 0.0,
        "RAM[39]:dove_y": 0.0,
        "RAM[40]:xy": 0.0,
        "RAM[44]:xy": 0.0,
        "RAM[47]:x": 0.0,
        "RAM[48]:dove_x": 0.0,
        "RAM[49]:xy": 0.0,
        "RAM[51]:wh": 0.0,
        "RAM[58]:player_direction": 0.0,
        "RAM[63]:player_x": 0.4149935572309277,
        "RAM[67]:clock[0]": 0.30487609387191367,
        "RAM[68]:clock[1]": 0.05214247142230627,
        "RAM[69]:value": 0.30239179180117004,
        "RAM[72]:value": 0.0,
        "RAM[73]:value": 0.0,
        "RAM[74]:value": 0.0,
        "RAM[77]:score[0]": 0.0,
        "RAM[78]:score[1]": 0.0,
        "RAM[79]:score[2]": 0.0,
        "RAM[84]:car.xy": 0.340259597774964,
        "RAM[86]:player_y": 0.4280500219142782,
        "RAM[88]:car.xy": 0.0,
        "RAM[92]:room_number": 0.0,
        "RAM[97]:player._xy": 0.5719091350921865
      },
      "luminance_spurious_tuning_rate": 0.0,
      "n_spurious_gvar": 1,
      "n_spurious_luminance": 0,
      "n_strongly_tuned_gvar": 5,
      "n_strongly_tuned_luminance": 0,
      "note": "selectivity = max |corr| to a GAME variable (the cell's own self-column excluded; frame clock excluded — it is the epiphenomenal control). spurious = strongly-tuned (selectivity≥τ) but NOT causal by the oracle — the present≠used tuning-curve trap (experiment_design.md §4 A3, Phase-A's headline failure). The luminance family is the HARDWARE (no-T3) version of the same trap.",
      "spurious_gvar_cells": [
        "RAM[86]:player_y"
      ],
      "strongly_tuned_gvar_cells": [
        "RAM[63]:player_x",
        "RAM[67]:clock[0]",
        "RAM[86]:player_y",
        "RAM[69]:value",
        "RAM[97]:player._xy"
      ],
      "tau": 0.7,
      "trajectory_frames": 150,
      "trajectory_trace": "seeded random-action GAMEPLAY (seed=0, prefix=90+15, NOOP-continued past the window)"
    },
    "bit_exact_rerun": true,
    "candidate_cells": [
      "RAM[39]:dove_y",
      "RAM[48]:dove_x",
      "RAM[58]:player_direction",
      "RAM[63]:player_x",
      "RAM[67]:clock[0]",
      "RAM[68]:clock[1]",
      "RAM[77]:score[0]",
      "RAM[78]:score[1]",
      "RAM[79]:score[2]",
      "RAM[86]:player_y",
      "RAM[92]:room_number",
      "RAM[38]:xy",
      "RAM[40]:xy",
      "RAM[44]:xy",
      "RAM[47]:x",
      "RAM[49]:xy",
      "RAM[51]:wh",
      "RAM[69]:value",
      "RAM[72]:value",
      "RAM[73]:value",
      "RAM[74]:value",
      "RAM[84]:car.xy",
      "RAM[88]:car.xy",
      "RAM[97]:player._xy"
    ],
    "candidate_ram_indices": [
      39,
      48,
      58,
      63,
      67,
      68,
      77,
      78,
      79,
      86,
      92,
      38,
      40,
      44,
      47,
      49,
      51,
      69,
      72,
      73,
      74,
      84,
      88,
      97
    ],
    "candidates_file": "candidates_private_eye.json",
    "n_oracle_causal": 12,
    "oracle_importance_per_cell": {
      "RAM[38]:xy": 0.0,
      "RAM[39]:dove_y": 0.0,
      "RAM[40]:xy": 164.0,
      "RAM[44]:xy": 0.0,
      "RAM[47]:x": 0.0,
      "RAM[48]:dove_x": 0.0,
      "RAM[49]:xy": 332.0,
      "RAM[51]:wh": 53.0,
      "RAM[58]:player_direction": 0.0,
      "RAM[63]:player_x": 7466.0,
      "RAM[67]:clock[0]": 44.0,
      "RAM[68]:clock[1]": 0.0,
      "RAM[69]:value": 36.0,
      "RAM[72]:value": 52.0,
      "RAM[73]:value": 83.0,
      "RAM[74]:value": 74.0,
      "RAM[77]:score[0]": 0.0,
      "RAM[78]:score[1]": 0.0,
      "RAM[79]:score[2]": 0.0,
      "RAM[84]:car.xy": 300.0,
      "RAM[86]:player_y": 0.0,
      "RAM[88]:car.xy": 316.0,
      "RAM[92]:room_number": 0.0,
      "RAM[97]:player._xy": 156.0
    },
    "positive_control_oracle_as_method_F": 1.0,
    "rom_settings": "JuTari.RomSettingsModule.GenericRomSettings",
    "scales_to_cluster_via": "tools/cluster/xai_*.sbatch (E0-3) — the full A1..A8 battery over the core+breadth set; the forward is bit-exact to this HARD path.",
    "substrate": "jutari (Julia, HARD) — real-ROM bit-exact path; the oracle causal map is EXACT interventions re-run on the true ROM; the tuning curves are a DESCRIPTIVE active-trace recording (the recorder's documented purpose), not a bit-exact-vs-xitari claim.",
    "testbed": {
      "cause_density_above_floor": 20,
      "cause_density_accepted": true,
      "cause_density_floor": 0.5,
      "cause_density_gate_k": 4,
      "horizon": 15,
      "n_causes": 50,
      "note": "P2 redesign: the tuning study runs on a seeded random-action GAMEPLAY state (not the FIRE×4/attract tape), gated by the §1 oracle cause-density gate. Both the oracle causal map AND the descriptive tuning trajectory are stepped along the SAME gameplay stream so the game variable VARIES on genuine input-driven play. A3's tuning algorithm is unchanged; only the analysis state moves.",
      "prefix": 90,
      "seed": 0,
      "shared_output": "screen_region(n_changed_px)@r148c48",
      "state_kind": "seeded_random_action_gameplay"
    },
    "triad": {
      "F": 0.22313646443121316,
      "F_note": "Spearman(A3 game-variable selectivity, oracle causal importance) over 24 candidate cells",
      "M": 0.8,
      "M_note": "1 − over-claim rate: fraction of strongly-tuned cells the oracle says are generic (non-causal)",
      "S": 0.32711709371971315,
      "S_note": "Pearson(A3 selectivity, held-out do(base+37) screen break) — sufficiency on a bit-exact re-run",