{
  "arrays": "A3_tuning_riverraid.npz",
  "ci": null,
  "commit": "ddf78172",
  "extra": {
    "A3_tuning": {
      "clock_corr_per_cell": {
        "RAM[117]:missile_x": 0.8664510207010785,
        "RAM[11]:player._prev11": 0.0034908938965823757,
        "RAM[14]:grass_layout": 0.3258016439144466,
        "RAM[20]:objects_pos": 0.6127669661590528,
        "RAM[25]:xanchor": 0.7904631512318193,
        "RAM[26]:object_size": 0.6127669661590529,
        "RAM[31]:orientation": 0.19027673715827756,
        "RAM[32]:object_type": 0.6127669661590527,
        "RAM[37]:obj_type": 0.41784116285914574,
        "RAM[38]:water_width": 0.0,
        "RAM[50]:missile_y": 0.2605627065779855,
        "RAM[51]:player_x": 0.7277723718457996,
        "RAM[53]:game_active": 0.7758283187642493,
        "RAM[55]:fuel_meter_high": 0.8651979842752799,
        "RAM[56]:fuel_meter_low": 0.6653491974966139,
        "RAM[64]:lives.value": 0.8653515363591701,
        "RAM[77]:score": 0.0,
        "RAM[79]:score": 0.0,
        "RAM[81]:score": 0.0,
        "RAM[83]:score": 0.6928357195479485,
        "RAM[85]:score": 0.8741915312665715,
        "RAM[87]:score": 0.0
      },
      "epiphenomenal_control": "frame_clock",
      "game_variable_signals": [
        "missile_y@50",
        "player_x@51",
        "fuel_meter_high@55",
        "fuel_meter_low@56",
        "missile_x@117",
        "player._prev11@11",
        "grass_layout@14",
        "objects_pos@20",
        "xanchor@25",
        "object_size@26",
        "orientation@31",
        "object_type@32",
        "obj_type@37",
        "water_width@38",
        "game_active@53",
        "lives.value@64",
        "score@77",
        "score@79",
        "score@81",
        "score@83",
        "score@85",
        "score@87",
        "score_raw@77"
      ],
      "game_variable_spurious_tuning_rate": 0.23076923076923078,
      "gvar_selectivity_per_cell": {
        "RAM[117]:missile_x": 0.9866860133994446,
        "RAM[11]:player._prev11": 0.3312842127698329,
        "RAM[14]:grass_layout": 0.7261043009040759,
        "RAM[20]:objects_pos": 1.0,
        "RAM[25]:xanchor": 0.5997860238993246,
        "RAM[26]:object_size": 1.0,
        "RAM[31]:orientation": 0.7261043009040759,
        "RAM[32]:object_type": 0.9999999999999999,
        "RAM[37]:obj_type": 0.5997860238993246,
        "RAM[38]:water_width": 0.0,
        "RAM[50]:missile_y": 0.6222129872657078,
        "RAM[51]:player_x": 0.8829945394593323,
        "RAM[53]:game_active": 0.9750195961460274,
        "RAM[55]:fuel_meter_high": 0.9052584457502614,
        "RAM[56]:fuel_meter_low": 0.7501079021453628,
        "RAM[64]:lives.value": 0.9866860133994446,
        "RAM[77]:score": 0.0,
        "RAM[79]:score": 0.0,
        "RAM[81]:score": 0.0,
        "RAM[83]:score": 0.8724543549226443,
        "RAM[85]:score": 0.9052584457502614,
        "RAM[87]:score": 0.0
      },
      "luminance_corr_per_cell": {
        "RAM[117]:missile_x": 0.10388748863311419,
        "RAM[11]:player._prev11": 0.0006905096131785486,
        "RAM[14]:grass_layout": 0.11205344280013609,
        "RAM[20]:objects_pos": 0.4000467427476577,
        "RAM[25]:xanchor": 0.296930378699146,
        "RAM[26]:object_size": 0.4000467427476577,
        "RAM[31]:orientation": 0.25567015032022916,
        "RAM[32]:object_type": 0.4000467427476576,
        "RAM[37]:obj_type": 0.35929207350744974,
        "RAM[38]:water_width": 0.0,
        "RAM[50]:missile_y": 0.3039004841230863,
        "RAM[51]:player_x": 0.31530420171026824,
        "RAM[53]:game_active": 0.04425029725915071,
        "RAM[55]:fuel_meter_high": 0.47890030470297307,
        "RAM[56]:fuel_meter_low": 0.09474582962396108,
        "RAM[64]:lives.value": 0.08013655302537313,
        "RAM[77]:score": 0.0,
        "RAM[79]:score": 0.0,
        "RAM[81]:score": 0.0,
        "RAM[83]:score": 0.5117020024241612,
        "RAM[85]:score": 0.35827999008191,
        "RAM[87]:score": 0.0
      },
      "luminance_spurious_tuning_rate": 0.0,
      "n_spurious_gvar": 3,
      "n_spurious_luminance": 0,
      "n_strongly_tuned_gvar": 13,
      "n_strongly_tuned_luminance": 0,
      "note": "selectivity = max |corr| to a GAME variable (the cell's own self-column excluded; frame clock excluded — it is the epiphenomenal control). spurious = strongly-tuned (selectivity≥τ) but NOT causal by the oracle — the present≠used tuning-curve trap (experiment_design.md §4 A3, Phase-A's headline failure). The luminance family is the HARDWARE (no-T3) version of the same trap.",
      "spurious_gvar_cells": [
        "RAM[56]:fuel_meter_low",
        "RAM[117]:missile_x",
        "RAM[26]:object_size"
      ],
      "strongly_tuned_gvar_cells": [
        "RAM[51]:player_x",
        "RAM[55]:fuel_meter_high",
        "RAM[56]:fuel_meter_low",
        "RAM[117]:missile_x",
        "RAM[14]:grass_layout",
        "RAM[20]:objects_pos",
        "RAM[26]:object_size",
        "RAM[31]:orientation",
        "RAM[32]:object_type",
        "RAM[53]:game_active",
        "RAM[64]:lives.value",
        "RAM[83]:score",
        "RAM[85]:score"
      ],
      "tau": 0.7,
      "trajectory_frames": 150,
      "trajectory_trace": "seeded random-action GAMEPLAY (seed=0, prefix=90+15, NOOP-continued past the window)"
    },
    "bit_exact_rerun": true,
    "candidate_cells": [
      "RAM[50]:missile_y",
      "RAM[51]:player_x",
      "RAM[55]:fuel_meter_high",
      "RAM[56]:fuel_meter_low",
      "RAM[117]:missile_x",
      "RAM[11]:player._prev11",
      "RAM[14]:grass_layout",
      "RAM[20]:objects_pos",
      "RAM[25]:xanchor",
      "RAM[26]:object_size",
      "RAM[31]:orientation",
      "RAM[32]:object_type",
      "RAM[37]:obj_type",
      "RAM[38]:water_width",
      "RAM[53]:game_active",
      "RAM[64]:lives.value",
      "RAM[77]:score",
      "RAM[79]:score",
      "RAM[81]:score",
      "RAM[83]:score",
      "RAM[85]:score",
      "RAM[87]:score"
    ],
    "candidate_ram_indices": [
      50,
      51,
      55,
      56,
      117,
      11,
      14,
      20,
      25,
      26,
      31,
      32,
      37,
      38,
      53,
      64,
      77,
      79,
      81,
      83,
      85,
      87
    ],
    "candidates_file": "candidates_riverraid.json",
    "n_oracle_causal": 19,
    "oracle_importance_per_cell": {
      "RAM[117]:missile_x": 0.0,
      "RAM[11]:player._prev11": 3565.0,
      "RAM[14]:grass_layout": 5040.0,
      "RAM[20]:objects_pos": 1931.0,
      "RAM[25]:xanchor": 126.0,
      "RAM[26]:object_size": 0.0,
      "RAM[31]:orientation": 103.0,
      "RAM[32]:object_type": 11.0,
      "RAM[37]:obj_type": 68.0,
      "RAM[38]:water_width": 688.0,
      "RAM[50]:missile_y": 16.0,
      "RAM[51]:player_x": 2908.0,
      "RAM[53]:game_active": 2824.0,
      "RAM[55]:fuel_meter_high": 2749.0,
      "RAM[56]:fuel_meter_low": 0.0,
      "RAM[64]:lives.value": 22.0,
      "RAM[77]:score": 32.0,
      "RAM[79]:score": 32.0,
      "RAM[81]:score": 32.0,
      "RAM[83]:score": 32.0,
      "RAM[85]:score": 22.0,
      "RAM[87]:score": 19.0
    },
    "positive_control_oracle_as_method_F": 1.0,
    "rom_settings": "JuTari.RomSettingsModule.GenericRomSettings",
    "scales_to_cluster_via": "tools/cluster/xai_*.sbatch (E0-3) — the full A1..A8 battery over the core+breadth set; the forward is bit-exact to this HARD path.",
    "substrate": "jutari (Julia, HARD) — real-ROM bit-exact path; the oracle causal map is EXACT interventions re-run on the true ROM; the tuning curves are a DESCRIPTIVE active-trace recording (the recorder's documented purpose), not a bit-exact-vs-xitari claim.",
    "testbed": {
      "cause_density_above_floor": 33,
      "cause_density_accepted": true,
      "cause_density_floor": 0.5,
      "cause_density_gate_k": 4,
      "horizon": 15,
      "n_causes": 46,