{
  "arrays": "A3_tuning_space_invaders.npz",
  "ci": null,
  "commit": "39cd1d3",
  "extra": {
    "A3_tuning": {
      "clock_corr_per_cell": {
        "RAM[102]:score": 0.0,
        "RAM[104]:player_score": 0.0,
        "RAM[120]:visible": 0.6127669661590527,
        "RAM[16]:(unnamed)": 0.0,
        "RAM[17]:invaders_left_count": 0.0,
        "RAM[18]:(unnamed)": 0.0,
        "RAM[24]:enemies_y": 0.0,
        "RAM[26]:enemies_x": 0.6127669661590529,
        "RAM[28]:player_x": 0.0,
        "RAM[30]:satellite.xy": 0.0,
        "RAM[43]:shields": 0.0,
        "RAM[73]:num_lives": 0.0,
        "RAM[81]:bullets": 0.587876443445493,
        "RAM[85]:xy": 0.6025653237115881,
        "RAM[87]:xy": 0.6010125240349378,
        "RAM[90]:value": 0.016589062554303077,
        "RAM[9]:missiles_y": 0.5013907918212133
      },
      "epiphenomenal_control": "frame_clock",
      "game_variable_signals": [
        "missiles_y@9",
        "invaders_left_count@17",
        "enemies_y@24",
        "enemies_x@26",
        "player_x@28",
        "num_lives@73",
        "player_score@104",
        "RAM[16]",
        "RAM[18]",
        "satellite.xy@30",
        "shields@43",
        "bullets@81",
        "xy@85",
        "xy@87",
        "value@90",
        "score@102",
        "visible@120",
        "score_raw@104"
      ],
      "game_variable_spurious_tuning_rate": 0.6666666666666666,
      "gvar_selectivity_per_cell": {
        "RAM[102]:score": 0.0,
        "RAM[104]:player_score": 0.0,
        "RAM[120]:visible": 0.9999999999999997,
        "RAM[16]:(unnamed)": 0.0,
        "RAM[17]:invaders_left_count": 0.0,
        "RAM[18]:(unnamed)": 0.0,
        "RAM[24]:enemies_y": 0.0,
        "RAM[26]:enemies_x": 0.9999999999999997,
        "RAM[28]:player_x": 0.0,
        "RAM[30]:satellite.xy": 0.0,
        "RAM[43]:shields": 0.0,
        "RAM[73]:num_lives": 0.0,
        "RAM[81]:bullets": 0.9741396474334731,
        "RAM[85]:xy": 0.9992708707455256,
        "RAM[87]:xy": 0.9992708707455256,
        "RAM[90]:value": 0.13237372278330523,
        "RAM[9]:missiles_y": 0.8549663477657757
      },
      "luminance_corr_per_cell": {
        "RAM[102]:score": 0.0,
        "RAM[104]:player_score": 0.0,
        "RAM[120]:visible": 0.8430979450197935,
        "RAM[16]:(unnamed)": 0.0,
        "RAM[17]:invaders_left_count": 0.0,
        "RAM[18]:(unnamed)": 0.0,
        "RAM[24]:enemies_y": 0.0,
        "RAM[26]:enemies_x": 0.8430979450197936,
        "RAM[28]:player_x": 0.0,
        "RAM[30]:satellite.xy": 0.0,
        "RAM[43]:shields": 0.0,
        "RAM[73]:num_lives": 0.0,
        "RAM[81]:bullets": 0.7974381207129319,
        "RAM[85]:xy": 0.8197937484633818,
        "RAM[87]:xy": 0.820401704971879,
        "RAM[90]:value": 0.012003242700167125,
        "RAM[9]:missiles_y": 0.7013668105386721
      },
      "luminance_spurious_tuning_rate": 0.6666666666666666,
      "n_spurious_gvar": 4,
      "n_spurious_luminance": 4,
      "n_strongly_tuned_gvar": 6,
      "n_strongly_tuned_luminance": 6,
      "note": "selectivity = max |corr| to a GAME variable (the cell's own self-column excluded; frame clock excluded — it is the epiphenomenal control). spurious = strongly-tuned (selectivity≥τ) but NOT causal by the oracle — the present≠used tuning-curve trap (experiment_design.md §4 A3, Phase-A's headline failure). The luminance family is the HARDWARE (no-T3) version of the same trap.",
      "spurious_gvar_cells": [
        "RAM[9]:missiles_y",
        "RAM[81]:bullets",
        "RAM[87]:xy",
        "RAM[120]:visible"
      ],
      "strongly_tuned_gvar_cells": [
        "RAM[9]:missiles_y",
        "RAM[26]:enemies_x",
        "RAM[81]:bullets",
        "RAM[85]:xy",
        "RAM[87]:xy",
        "RAM[120]:visible"
      ],
      "tau": 0.7,
      "trajectory_frames": 150,
      "trajectory_trace": "active (FIRE×4 + periodic RIGHTFIRE/LEFTFIRE)"
    },
    "bit_exact_rerun": true,
    "candidate_cells": [
      "RAM[9]:missiles_y",
      "RAM[17]:invaders_left_count",
      "RAM[24]:enemies_y",
      "RAM[26]:enemies_x",
      "RAM[28]:player_x",
      "RAM[73]:num_lives",
      "RAM[104]:player_score",
      "RAM[16]:(unnamed)",
      "RAM[18]:(unnamed)",
      "RAM[30]:satellite.xy",
      "RAM[43]:shields",
      "RAM[81]:bullets",
      "RAM[85]:xy",
      "RAM[87]:xy",
      "RAM[90]:value",
      "RAM[102]:score",
      "RAM[120]:visible"
    ],
    "candidate_ram_indices": [
      9,
      17,
      24,
      26,
      28,
      73,
      104,
      16,
      18,
      30,
      43,
      81,
      85,
      87,
      90,
      102,
      120
    ],
    "candidates_file": "candidates_space_invaders.json",
    "n_oracle_causal": 10,
    "oracle_importance_per_cell": {
      "RAM[102]:score": 80.0,
      "RAM[104]:player_score": 80.0,
      "RAM[120]:visible": 0.0,
      "RAM[16]:(unnamed)": 11806.0,
      "RAM[17]:invaders_left_count": 0.0,
      "RAM[18]:(unnamed)": 192.0,
      "RAM[24]:enemies_y": 336.0,
      "RAM[26]:enemies_x": 2543.0,
      "RAM[28]:player_x": 0.0,
      "RAM[30]:satellite.xy": 2493.0,
      "RAM[43]:shields": 10.0,
      "RAM[73]:num_lives": 104.0,
      "RAM[81]:bullets": 0.0,
      "RAM[85]:xy": 70.0,
      "RAM[87]:xy": 0.0,
      "RAM[90]:value": 0.0,
      "RAM[9]:missiles_y": 0.0
    },
    "positive_control_oracle_as_method_F": 1.0,
    "rom_settings": "JuTari.TerminalGames.SpaceInvadersRomSettings",
    "scales_to_cluster_via": "tools/cluster/xai_*.sbatch (E0-3) — the full A1..A8 battery over the core+breadth set; the forward is bit-exact to this HARD path.",
    "substrate": "jutari (Julia, HARD) — real-ROM bit-exact path; the oracle causal map is EXACT interventions re-run on the true ROM; the tuning curves are a DESCRIPTIVE active-trace recording (the recorder's documented purpose), not a bit-exact-vs-xitari claim.",
    "triad": {
      "F": -0.3433790590624394,
      "F_note": "Spearman(A3 game-variable selectivity, oracle causal importance) over 17 candidate cells",
      "M": 0.33333333333333337,
      "M_note": "1 − over-claim rate: fraction of strongly-tuned cells the oracle says are generic (non-causal)",
      "S": -0.14974117764522946,
      "S_note": "Pearson(A3 selectivity, held-out do(base+37) screen break) — sufficiency on a bit-exact re-run",
      "interpretation": "Phase A is the calibration baseline (experiment_design.md §4): a tuning-curve importance map scores LOW faithfulness despite fully-known structure. F<1 / spurious-tuning>0 quantify where the classical analysis departs from the ground truth. The oracle-as-method positive control (F=1.0) confirms the harness rewards a perfectly-faithful map."
    }
  },
  "game": "space_invaders",
  "method": "A3_tuning_curves(luminance+game_variable)+spurious_tuning_rate",
  "metric_name": "A3_game_variable_spurious_tuning_rate",
  "n": 17,
  "oracle_ref": "oracle_intervene@space_invaders#screen-break",
  "paper": "P2",
  "phase": "phaseA_kording",
  "seed": 0,
  "state": "f30+30",
  "stderr": null,
  "target_output": "screen-break (oracle causal importance) vs tuning selectivity",
  "timestamp": "1782141169",
  "value": 0.6666666666666666,
  "where": "local"
}