{
  "arrays": "A3_tuning_freeway.npz",
  "ci": null,
  "commit": "ddf78172",
  "extra": {
    "A3_tuning": {
      "clock_corr_per_cell": {
        "RAM[103]:score": 0.0,
        "RAM[104]:score2": 0.0,
        "RAM[108]:enemy_car_x[0]": 0.9994670692875484,
        "RAM[109]:enemy_car_x[1]": 0.9996633677853102,
        "RAM[110]:enemy_car_x[2]": 0.9998223406730059,
        "RAM[111]:enemy_car_x[3]": 0.9999333636945379,
        "RAM[112]:enemy_car_x[4]": 1.0,
        "RAM[113]:enemy_car_x[5]": 1.0,
        "RAM[114]:enemy_car_x[6]": 0.9999333281476707,
        "RAM[115]:enemy_car_x[7]": 0.9998221985139524,
        "RAM[116]:enemy_car_x[8]": 0.9996667858723375,
        "RAM[117]:enemy_car_x[9]": 0.9994665006511319,
        "RAM[14]:player_y": 0.7844151828653902,
        "RAM[15]:c2.xy": 0.0
      },
      "epiphenomenal_control": "frame_clock",
      "game_variable_signals": [
        "player_y@14",
        "score@103",
        "enemy_car_x[0]@108",
        "enemy_car_x[1]@109",
        "enemy_car_x[2]@110",
        "enemy_car_x[3]@111",
        "enemy_car_x[4]@112",
        "enemy_car_x[5]@113",
        "enemy_car_x[6]@114",
        "enemy_car_x[7]@115",
        "enemy_car_x[8]@116",
        "enemy_car_x[9]@117",
        "c2.xy@15",
        "score2@104",
        "score_raw@103"
      ],
      "game_variable_spurious_tuning_rate": 0.0,
      "gvar_selectivity_per_cell": {
        "RAM[103]:score": 0.0,
        "RAM[104]:score2": 0.0,
        "RAM[108]:enemy_car_x[0]": 0.9994670692875484,
        "RAM[109]:enemy_car_x[1]": 0.9997335384700418,
        "RAM[110]:enemy_car_x[2]": 0.9998223406730059,
        "RAM[111]:enemy_car_x[3]": 0.9999333636945379,
        "RAM[112]:enemy_car_x[4]": 1.0,
        "RAM[113]:enemy_car_x[5]": 1.0,
        "RAM[114]:enemy_car_x[6]": 0.9999333281476707,
        "RAM[115]:enemy_car_x[7]": 0.9998221985139524,
        "RAM[116]:enemy_car_x[8]": 0.9997334399526144,
        "RAM[117]:enemy_car_x[9]": 0.9994665006511319,
        "RAM[14]:player_y": 0.7844411265011364,
        "RAM[15]:c2.xy": 0.0
      },
      "luminance_corr_per_cell": {
        "RAM[103]:score": 0.0,
        "RAM[104]:score2": 0.0,
        "RAM[108]:enemy_car_x[0]": 0.6892936345492112,
        "RAM[109]:enemy_car_x[1]": 0.6897851097103624,
        "RAM[110]:enemy_car_x[2]": 0.6895233424778187,
        "RAM[111]:enemy_car_x[3]": 0.6896790403196904,
        "RAM[112]:enemy_car_x[4]": 0.6895758861960125,
        "RAM[113]:enemy_car_x[5]": 0.6895758861960125,
        "RAM[114]:enemy_car_x[6]": 0.6893807662182103,
        "RAM[115]:enemy_car_x[7]": 0.6892883027183813,
        "RAM[116]:enemy_car_x[8]": 0.6887715684678293,
        "RAM[117]:enemy_car_x[9]": 0.688713416385939,
        "RAM[14]:player_y": 0.7324941861966547,
        "RAM[15]:c2.xy": 0.0
      },
      "luminance_spurious_tuning_rate": 0.0,
      "n_spurious_gvar": 0,
      "n_spurious_luminance": 0,
      "n_strongly_tuned_gvar": 11,
      "n_strongly_tuned_luminance": 1,
      "note": "selectivity = max |corr| to a GAME variable (the cell's own self-column excluded; frame clock excluded — it is the epiphenomenal control). spurious = strongly-tuned (selectivity≥τ) but NOT causal by the oracle — the present≠used tuning-curve trap (experiment_design.md §4 A3, Phase-A's headline failure). The luminance family is the HARDWARE (no-T3) version of the same trap.",
      "spurious_gvar_cells": [],
      "strongly_tuned_gvar_cells": [
        "RAM[14]:player_y",
        "RAM[108]:enemy_car_x[0]",
        "RAM[109]:enemy_car_x[1]",
        "RAM[110]:enemy_car_x[2]",
        "RAM[111]:enemy_car_x[3]",
        "RAM[112]:enemy_car_x[4]",
        "RAM[113]:enemy_car_x[5]",
        "RAM[114]:enemy_car_x[6]",
        "RAM[115]:enemy_car_x[7]",
        "RAM[116]:enemy_car_x[8]",
        "RAM[117]:enemy_car_x[9]"
      ],
      "tau": 0.7,
      "trajectory_frames": 150,
      "trajectory_trace": "seeded random-action GAMEPLAY (seed=0, prefix=90+15, NOOP-continued past the window)"
    },
    "bit_exact_rerun": true,
    "candidate_cells": [
      "RAM[14]:player_y",
      "RAM[103]:score",
      "RAM[108]:enemy_car_x[0]",
      "RAM[109]:enemy_car_x[1]",
      "RAM[110]:enemy_car_x[2]",
      "RAM[111]:enemy_car_x[3]",
      "RAM[112]:enemy_car_x[4]",
      "RAM[113]:enemy_car_x[5]",
      "RAM[114]:enemy_car_x[6]",
      "RAM[115]:enemy_car_x[7]",
      "RAM[116]:enemy_car_x[8]",
      "RAM[117]:enemy_car_x[9]",
      "RAM[15]:c2.xy",
      "RAM[104]:score2"
    ],
    "candidate_ram_indices": [
      14,
      103,
      108,
      109,
      110,
      111,
      112,
      113,
      114,
      115,
      116,
      117,
      15,
      104
    ],
    "candidates_file": "candidates_freeway.json",
    "n_oracle_causal": 14,
    "oracle_importance_per_cell": {
      "RAM[103]:score": 56.0,
      "RAM[104]:score2": 56.0,
      "RAM[108]:enemy_car_x[0]": 108.0,
      "RAM[109]:enemy_car_x[1]": 108.0,
      "RAM[110]:enemy_car_x[2]": 108.0,
      "RAM[111]:enemy_car_x[3]": 108.0,
      "RAM[112]:enemy_car_x[4]": 108.0,
      "RAM[113]:enemy_car_x[5]": 108.0,
      "RAM[114]:enemy_car_x[6]": 108.0,
      "RAM[115]:enemy_car_x[7]": 108.0,
      "RAM[116]:enemy_car_x[8]": 108.0,
      "RAM[117]:enemy_car_x[9]": 100.0,
      "RAM[14]:player_y": 44.0,
      "RAM[15]:c2.xy": 44.0
    },
    "positive_control_oracle_as_method_F": 1.0,
    "rom_settings": "JuTari.RomSettingsModule.GenericRomSettings",
    "scales_to_cluster_via": "tools/cluster/xai_*.sbatch (E0-3) — the full A1..A8 battery over the core+breadth set; the forward is bit-exact to this HARD path.",
    "substrate": "jutari (Julia, HARD) — real-ROM bit-exact path; the oracle causal map is EXACT interventions re-run on the true ROM; the tuning curves are a DESCRIPTIVE active-trace recording (the recorder's documented purpose), not a bit-exact-vs-xitari claim.",
    "testbed": {
      "cause_density_above_floor": 26,
      "cause_density_accepted": true,
      "cause_density_floor": 0.5,
      "cause_density_gate_k": 4,
      "horizon": 15,
      "n_causes": 30,
      "note": "P2 redesign: the tuning study runs on a seeded random-action GAMEPLAY state (not the FIRE×4/attract tape), gated by the §1 oracle cause-density gate. Both the oracle causal map AND the descriptive tuning trajectory are stepped along the SAME gameplay stream so the game variable VARIES on genuine input-driven play. A3's tuning algorithm is unchanged; only the analysis state moves.",
      "prefix": 90,
      "seed": 0,
      "shared_output": "screen_region(n_changed_px)@r173c19",
      "state_kind": "seeded_random_action_gameplay"
    },
    "triad": {
      "F": 0.8292331563725777,
      "F_note": "Spearman(A3 game-variable selectivity, oracle causal importance) over 14 candidate cells",
      "M": 1.0,
      "M_note": "M = |U*|/|U_hat| (03_methods.tex sec:triad): |U*|=14 (oracle movers) / |U_hat|=11 (method above-threshold)",
      "S": 0.87293711354933,
      "S_note": "Pearson(A3 selectivity, held-out do(base+37) screen break) — sufficiency on a bit-exact re-run",
      "interpretation": "Phase A is the calibration baseline (experiment_design.md §4): a tuning-curve importance map scores LOW faithfulness despite fully-known structure. F<1 / spurious-tuning>0 quantify where the classical analysis departs from the ground truth. The oracle-as-method positive control (F=1.0) confirms the harness rewards a perfectly-faithful map.",
      "legacy_minimality": 1.0,
      "legacy_minimality_note": "1 − over-claim rate (the pre-standardization M): fraction of strongly-tuned cells the oracle says are generic. Retained for reference; the triad M above is the paper's |U*|/|U_hat|."
    }
  },
  "game": "freeway",
  "method": "A3_tuning_curves(luminance+game_variable)+spurious_tuning_rate",
  "metric_name": "A3_game_variable_spurious_tuning_rate",
  "n": 14,
  "oracle_ref": "oracle_intervene@freeway#screen-break",
  "paper": "P2",
  "phase": "phaseA_kording",
  "seed": 0,