{
  "arrays": "A3_tuning_boxing.npz",
  "ci": null,
  "commit": "ddf78172",
  "extra": {
    "A3_tuning": {
      "clock_corr_per_cell": {
        "RAM[17]:clock": 0.9258406742383641,
        "RAM[18]:player_score": 0.0,
        "RAM[19]:enemy_score": 0.0,
        "RAM[32]:player_x": 0.8267803529998796,
        "RAM[33]:enemy_x": 0.5302868492051104,
        "RAM[34]:player_y": 0.09342699906439585,
        "RAM[35]:enemy_y": 0.8972998102440716,
        "RAM[55]:player.left_arm_length": 0.3915867738414672,
        "RAM[57]:player.right_arm_length": 0.2670693778526646,
        "RAM[59]:enemy.right_arm_length": 0.11117387811881667,
        "RAM[61]:enemy.left_arm_length": 0.0
      },
      "epiphenomenal_control": "frame_clock",
      "game_variable_signals": [
        "clock@17",
        "player_score@18",
        "enemy_score@19",
        "player_x@32",
        "enemy_x@33",
        "player_y@34",
        "enemy_y@35",
        "player.left_arm_length@55",
        "player.right_arm_length@57",
        "enemy.right_arm_length@59",
        "enemy.left_arm_length@61",
        "score_raw@18"
      ],
      "game_variable_spurious_tuning_rate": 0.0,
      "gvar_selectivity_per_cell": {
        "RAM[17]:clock": 0.7875926382198347,
        "RAM[18]:player_score": 0.0,
        "RAM[19]:enemy_score": 0.0,
        "RAM[32]:player_x": 0.9242780053700704,
        "RAM[33]:enemy_x": 0.8209922725713694,
        "RAM[34]:player_y": 0.7108435292229113,
        "RAM[35]:enemy_y": 0.9242780053700704,
        "RAM[55]:player.left_arm_length": 0.475515374454013,
        "RAM[57]:player.right_arm_length": 0.34174929168364826,
        "RAM[59]:enemy.right_arm_length": 0.7108435292229113,
        "RAM[61]:enemy.left_arm_length": 0.0
      },
      "luminance_corr_per_cell": {
        "RAM[17]:clock": 0.1784107877722285,
        "RAM[18]:player_score": 0.0,
        "RAM[19]:enemy_score": 0.0,
        "RAM[32]:player_x": 0.3327390716410211,
        "RAM[33]:enemy_x": 0.44884032618125225,
        "RAM[34]:player_y": 0.2270852641218879,
        "RAM[35]:enemy_y": 0.22230829240075442,
        "RAM[55]:player.left_arm_length": 0.40191034826870403,
        "RAM[57]:player.right_arm_length": 0.3134128717831942,
        "RAM[59]:enemy.right_arm_length": 0.3997781147284636,
        "RAM[61]:enemy.left_arm_length": 0.0
      },
      "luminance_spurious_tuning_rate": 0.0,
      "n_spurious_gvar": 0,
      "n_spurious_luminance": 0,
      "n_strongly_tuned_gvar": 6,
      "n_strongly_tuned_luminance": 0,
      "note": "selectivity = max |corr| to a GAME variable (the cell's own self-column excluded; frame clock excluded — it is the epiphenomenal control). spurious = strongly-tuned (selectivity≥τ) but NOT causal by the oracle — the present≠used tuning-curve trap (experiment_design.md §4 A3, Phase-A's headline failure). The luminance family is the HARDWARE (no-T3) version of the same trap.",
      "spurious_gvar_cells": [],
      "strongly_tuned_gvar_cells": [
        "RAM[17]:clock",
        "RAM[32]:player_x",
        "RAM[33]:enemy_x",
        "RAM[34]:player_y",
        "RAM[35]:enemy_y",
        "RAM[59]:enemy.right_arm_length"
      ],
      "tau": 0.7,
      "trajectory_frames": 150,
      "trajectory_trace": "seeded random-action GAMEPLAY (seed=0, prefix=90+15, NOOP-continued past the window)"
    },
    "bit_exact_rerun": true,
    "candidate_cells": [
      "RAM[17]:clock",
      "RAM[18]:player_score",
      "RAM[19]:enemy_score",
      "RAM[32]:player_x",
      "RAM[33]:enemy_x",
      "RAM[34]:player_y",
      "RAM[35]:enemy_y",
      "RAM[55]:player.left_arm_length",
      "RAM[57]:player.right_arm_length",
      "RAM[59]:enemy.right_arm_length",
      "RAM[61]:enemy.left_arm_length"
    ],
    "candidate_ram_indices": [
      17,
      18,
      19,
      32,
      33,
      34,
      35,
      55,
      57,
      59,
      61
    ],
    "candidates_file": "candidates_boxing.json",
    "n_oracle_causal": 9,
    "oracle_importance_per_cell": {
      "RAM[17]:clock": 49.0,
      "RAM[18]:player_score": 52.0,
      "RAM[19]:enemy_score": 52.0,
      "RAM[32]:player_x": 1209.0,
      "RAM[33]:enemy_x": 1077.0,
      "RAM[34]:player_y": 704.0,
      "RAM[35]:enemy_y": 1194.0,
      "RAM[55]:player.left_arm_length": 439.0,
      "RAM[57]:player.right_arm_length": 0.0,
      "RAM[59]:enemy.right_arm_length": 51.0,
      "RAM[61]:enemy.left_arm_length": 0.0
    },
    "positive_control_oracle_as_method_F": 1.0,
    "rom_settings": "JuTari.RomSettingsModule.GenericRomSettings",
    "scales_to_cluster_via": "tools/cluster/xai_*.sbatch (E0-3) — the full A1..A8 battery over the core+breadth set; the forward is bit-exact to this HARD path.",
    "substrate": "jutari (Julia, HARD) — real-ROM bit-exact path; the oracle causal map is EXACT interventions re-run on the true ROM; the tuning curves are a DESCRIPTIVE active-trace recording (the recorder's documented purpose), not a bit-exact-vs-xitari claim.",
    "testbed": {
      "cause_density_above_floor": 13,
      "cause_density_accepted": true,
      "cause_density_floor": 0.5,
      "cause_density_gate_k": 4,
      "horizon": 15,
      "n_causes": 24,
      "note": "P2 redesign: the tuning study runs on a seeded random-action GAMEPLAY state (not the FIRE×4/attract tape), gated by the §1 oracle cause-density gate. Both the oracle causal map AND the descriptive tuning trajectory are stepped along the SAME gameplay stream so the game variable VARIES on genuine input-driven play. A3's tuning algorithm is unchanged; only the analysis state moves.",
      "prefix": 90,
      "seed": 0,
      "shared_output": "screen_region(n_changed_px)@r84c44",
      "state_kind": "seeded_random_action_gameplay"
    },
    "triad": {
      "F": 0.6805847307664045,
      "F_note": "Spearman(A3 game-variable selectivity, oracle causal importance) over 11 candidate cells",
      "M": 1.0,
      "M_note": "M = |U*|/|U_hat| (03_methods.tex sec:triad): |U*|=9 (oracle movers) / |U_hat|=8 (method above-threshold)",
      "S": 0.7278998195452648,
      "S_note": "Pearson(A3 selectivity, held-out do(base+37) screen break) — sufficiency on a bit-exact re-run",
      "interpretation": "Phase A is the calibration baseline (experiment_design.md §4): a tuning-curve importance map scores LOW faithfulness despite fully-known structure. F<1 / spurious-tuning>0 quantify where the classical analysis departs from the ground truth. The oracle-as-method positive control (F=1.0) confirms the harness rewards a perfectly-faithful map.",
      "legacy_minimality": 1.0,
      "legacy_minimality_note": "1 − over-claim rate (the pre-standardization M): fraction of strongly-tuned cells the oracle says are generic. Retained for reference; the triad M above is the paper's |U*|/|U_hat|."
    }
  },
  "game": "boxing",
  "method": "A3_tuning_curves(luminance+game_variable)+spurious_tuning_rate",
  "metric_name": "A3_game_variable_spurious_tuning_rate",
  "n": 11,
  "oracle_ref": "oracle_intervene@boxing#screen-break",
  "paper": "P2",
  "phase": "phaseA_kording",
  "seed": 0,
  "state": "gameplay(seed=0,prefix=90)+15",
  "stderr": null,
  "target_output": "screen-break (oracle causal importance) vs tuning selectivity",
  "timestamp": "1783605011",
  "value": 0.0,
  "where": "local"
}