{
  "arrays": "A3_tuning_assault.npz",
  "ci": null,
  "commit": "d85961ed",
  "extra": {
    "A3_tuning": {
      "clock_corr_per_cell": {
        "RAM[0]:score": 0.0,
        "RAM[101]:lives": 0.0,
        "RAM[110]:missile.xy": 0.0,
        "RAM[11]:mother_ship_color": 0.0,
        "RAM[16]:player.xy": 0.24894405994574706,
        "RAM[1]:score": 0.0,
        "RAM[21]:health_color": 0.0,
        "RAM[24]:vertic_missile": 0.3858493604374048,
        "RAM[28]:health": 0.9039765030478533,
        "RAM[2]:score": 0.8435035796087861,
        "RAM[30]:player_sprite": 0.0,
        "RAM[33]:enemy_x_part_1": 0.08323190591893063,
        "RAM[36]:enemy_x_part_2": 0.08996820551780581,
        "RAM[39]:player_missile_x": 0.6865573390391931,
        "RAM[40]:enemy_type": 0.0,
        "RAM[54]:enemy_appearance": 0.5628623993711123,
        "RAM[67]:player_missile_y": 0.22086909667922694,
        "RAM[69]:mother_ship.xy": 0.010721910887058803,
        "RAM[73]:missile.xy": 0.0,
        "RAM[75]:maybe_enemy_missile_visible": 0.0
      },
      "epiphenomenal_control": "frame_clock",
      "game_variable_signals": [
        "score@0",
        "score@1",
        "score@2",
        "mother_ship_color@11",
        "player.xy@16",
        "health_color@21",
        "vertic_missile@24",
        "health@28",
        "player_sprite@30",
        "enemy_x_part_1@33",
        "enemy_x_part_2@36",
        "player_missile_x@39",
        "enemy_type@40",
        "enemy_appearance@54",
        "player_missile_y@67",
        "mother_ship.xy@69",
        "missile.xy@73",
        "maybe_enemy_missile_visible@75",
        "lives@101",
        "missile.xy@110",
        "score_raw@0"
      ],
      "game_variable_spurious_tuning_rate": 0.0,
      "gvar_selectivity_per_cell": {
        "RAM[0]:score": 0.0,
        "RAM[101]:lives": 0.0,
        "RAM[110]:missile.xy": 0.0,
        "RAM[11]:mother_ship_color": 0.0,
        "RAM[16]:player.xy": 0.4506401513441504,
        "RAM[1]:score": 0.0,
        "RAM[21]:health_color": 0.0,
        "RAM[24]:vertic_missile": 0.6838107893154833,
        "RAM[28]:health": 0.8284403047351202,
        "RAM[2]:score": 0.8284403047351202,
        "RAM[30]:player_sprite": 0.0,
        "RAM[33]:enemy_x_part_1": 0.5782879892090936,
        "RAM[36]:enemy_x_part_2": 0.5782879892090936,
        "RAM[39]:player_missile_x": 0.458674482973369,
        "RAM[40]:enemy_type": 0.0,
        "RAM[54]:enemy_appearance": 0.458674482973369,
        "RAM[67]:player_missile_y": 0.6838107893154833,
        "RAM[69]:mother_ship.xy": 0.14133486870006773,
        "RAM[73]:missile.xy": 0.0,
        "RAM[75]:maybe_enemy_missile_visible": 0.0
      },
      "luminance_corr_per_cell": {
        "RAM[0]:score": 0.0,
        "RAM[101]:lives": 0.0,
        "RAM[110]:missile.xy": 0.0,
        "RAM[11]:mother_ship_color": 0.0,
        "RAM[16]:player.xy": 0.22279288508842965,
        "RAM[1]:score": 0.0,
        "RAM[21]:health_color": 0.0,
        "RAM[24]:vertic_missile": 0.3473585143511716,
        "RAM[28]:health": 0.9307044145097656,
        "RAM[2]:score": 0.8047228992731393,
        "RAM[30]:player_sprite": 0.0,
        "RAM[33]:enemy_x_part_1": 0.10077557091756163,
        "RAM[36]:enemy_x_part_2": 0.09613900003349603,
        "RAM[39]:player_missile_x": 0.6148012520326753,
        "RAM[40]:enemy_type": 0.0,
        "RAM[54]:enemy_appearance": 0.5699578802472587,
        "RAM[67]:player_missile_y": 0.2161372116592036,
        "RAM[69]:mother_ship.xy": 0.014038481013150333,
        "RAM[73]:missile.xy": 0.0,
        "RAM[75]:maybe_enemy_missile_visible": 0.0
      },
      "luminance_spurious_tuning_rate": 0.0,
      "n_spurious_gvar": 0,
      "n_spurious_luminance": 0,
      "n_strongly_tuned_gvar": 2,
      "n_strongly_tuned_luminance": 2,
      "note": "selectivity = max |corr| to a GAME variable (the cell's own self-column excluded; frame clock excluded — it is the epiphenomenal control). spurious = strongly-tuned (selectivity≥τ) but NOT causal by the oracle — the present≠used tuning-curve trap (experiment_design.md §4 A3, Phase-A's headline failure). The luminance family is the HARDWARE (no-T3) version of the same trap.",
      "spurious_gvar_cells": [],
      "strongly_tuned_gvar_cells": [
        "RAM[2]:score",
        "RAM[28]:health"
      ],
      "tau": 0.7,
      "trajectory_frames": 150,
      "trajectory_trace": "seeded random-action GAMEPLAY (seed=0, prefix=90+15, NOOP-continued past the window)"
    },
    "bit_exact_rerun": true,
    "candidate_cells": [
      "RAM[0]:score",
      "RAM[1]:score",
      "RAM[2]:score",
      "RAM[11]:mother_ship_color",
      "RAM[16]:player.xy",
      "RAM[21]:health_color",
      "RAM[24]:vertic_missile",
      "RAM[28]:health",
      "RAM[30]:player_sprite",
      "RAM[33]:enemy_x_part_1",
      "RAM[36]:enemy_x_part_2",
      "RAM[39]:player_missile_x",
      "RAM[40]:enemy_type",
      "RAM[54]:enemy_appearance",
      "RAM[67]:player_missile_y",
      "RAM[69]:mother_ship.xy",
      "RAM[73]:missile.xy",
      "RAM[75]:maybe_enemy_missile_visible",
      "RAM[101]:lives",
      "RAM[110]:missile.xy"
    ],
    "candidate_ram_indices": [
      0,
      1,
      2,
      11,
      16,
      21,
      24,
      28,
      30,
      33,
      36,
      39,
      40,
      54,
      67,
      69,
      73,
      75,
      101,
      110
    ],
    "candidates_file": "candidates_assault.json",
    "n_oracle_causal": 9,
    "oracle_importance_per_cell": {
      "RAM[0]:score": 74.0,
      "RAM[101]:lives": 29740.0,
      "RAM[110]:missile.xy": 0.0,
      "RAM[11]:mother_ship_color": 0.0,
      "RAM[16]:player.xy": 100.0,
      "RAM[1]:score": 74.0,
      "RAM[21]:health_color": 0.0,
      "RAM[24]:vertic_missile": 0.0,
      "RAM[28]:health": 160.0,
      "RAM[2]:score": 57.0,
      "RAM[30]:player_sprite": 0.0,
      "RAM[33]:enemy_x_part_1": 0.0,
      "RAM[36]:enemy_x_part_2": 0.0,
      "RAM[39]:player_missile_x": 0.0,
      "RAM[40]:enemy_type": 73.0,
      "RAM[54]:enemy_appearance": 0.0,
      "RAM[67]:player_missile_y": 64.0,
      "RAM[69]:mother_ship.xy": 527.0,
      "RAM[73]:missile.xy": 0.0,
      "RAM[75]:maybe_enemy_missile_visible": 0.0
    },
    "positive_control_oracle_as_method_F": 1.0,
    "rom_settings": "JuTari.RomSettingsModule.GenericRomSettings",
    "scales_to_cluster_via": "tools/cluster/xai_*.sbatch (E0-3) — the full A1..A8 battery over the core+breadth set; the forward is bit-exact to this HARD path.",
    "substrate": "jutari (Julia, HARD) — real-ROM bit-exact path; the oracle causal map is EXACT interventions re-run on the true ROM; the tuning curves are a DESCRIPTIVE active-trace recording (the recorder's documented purpose), not a bit-exact-vs-xitari claim.",
    "testbed": {
      "cause_density_above_floor": 16,
      "cause_density_accepted": true,
      "cause_density_floor": 0.5,
      "cause_density_gate_k": 4,
      "horizon": 15,
      "n_causes": 42,
      "note": "P2 redesign: the tuning study runs on a seeded random-action GAMEPLAY state (not the FIRE×4/attract tape), gated by the §1 oracle cause-density gate. Both the oracle causal map AND the descriptive tuning trajectory are stepped along the SAME gameplay stream so the game variable VARIES on genuine input-driven play. A3's tuning algorithm is unchanged; only the analysis state moves.",
      "prefix": 90,
      "seed": 0,
      "shared_output": "screen_region(n_changed_px)@r20c11",
      "state_kind": "seeded_random_action_gameplay"
    },
    "triad": {
      "F": 0.05111473465226815,
      "F_note": "Spearman(A3 game-variable selectivity, oracle causal importance) over 20 candidate cells",
      "M": 1.0,
      "M_note": "1 − over-claim rate: fraction of strongly-tuned cells the oracle says are generic (non-causal)",
      "S": -0.004154225247010312,
      "S_note": "Pearson(A3 selectivity, held-out do(base+37) screen break) — sufficiency on a bit-exact re-run",