{
  "arrays": "A7_battle_zone.npz",
  "ci": null,
  "commit": "9391b559",
  "extra": {
    "bit_exact_rerun": true,
    "candidate_cells": [
      "RAM[47]:(unnamed)",
      "RAM[48]:(unnamed)",
      "RAM[53]:(unnamed)",
      "RAM[54]:(unnamed)",
      "RAM[74]:con1.xy",
      "RAM[82]:con1.xy"
    ],
    "candidate_concept_family": [
      "(unnamed)",
      "(unnamed)",
      "(unnamed)",
      "(unnamed)",
      "con",
      "con"
    ],
    "candidate_ram_indices": [
      47,
      48,
      53,
      54,
      74,
      82
    ],
    "conformance_note": "scored oracle frame f90+15 is inside the Paper-1 60-frame screen conformance window (jutari↔xitari bit-exact).",
    "n_known_game_variables": 2,
    "nmf": {
      "component_energy_share": [
        0.1584637938778117,
        0.1320878307293201,
        0.1313105222644716,
        0.12579017668447215,
        0.12567837411960986,
        0.11348865469596435,
        0.10838795335189622,
        0.10479269427645402
      ],
      "matched_components": {
        "matched_component_fraction": 0.8,
        "method": "nmf",
        "n_matched_game_var": 0,
        "n_matched_known_signal": 4,
        "per_component_matched_kind": [
          "known_signal",
          "known_signal",
          "known_signal",
          "known_signal",
          "(none)"
        ],
        "per_component_matched_label": [
          "rw_activity",
          "clock",
          "rw_activity",
          "clock",
          "(none; closest=rw_activity@0.3)"
        ],
        "per_component_matched_purity": [
          0.9377006442309469,
          0.616550685113561,
          0.5842366221378662,
          0.7166271417415384,
          0.30388522755667957
        ],
        "topk": 5
      },
      "n_iters": 300,
      "note": "NMF (Lee & Seung multiplicative updates; RAM bytes are non-negative). matched-component fraction tests whether the non-negative PARTS align with single known variables better than PCA's signed components do — the prompt's NMF-vs-PCA question.",
      "rank": 8,
      "recon_rel_err_by_rank": [
        0.9342553363795506,
        0.7820236596497087,
        0.6315535192755981,
        0.49188347586595665,
        0.37018011892736025,
        0.2509777857452705,
        0.1474722250333233,
        0.041026386391205344
      ],
      "recon_rel_frobenius_err": 0.04102638639120534
    },
    "oracle_importance": {
      "importance_per_cell": {
        "RAM[47]:(unnamed)": 21411.0,
        "RAM[48]:(unnamed)": 0.0,
        "RAM[53]:(unnamed)": 0.0,
        "RAM[54]:(unnamed)": 0.0,
        "RAM[74]:con1.xy": 0.0,
        "RAM[82]:con1.xy": 0.0
      },
      "n_causal_cells": 1,
      "note": "oracle importance(i) = max whole-screen break of an EXACT do(cell_i:=0)/do(cell_i:=base+17) intervention re-run on the real ROM (the §1 oracle restricted to the candidate cell + screen). The SAME map A2 / pilot_si.jl score against — the TRUE causal role."
    },
    "pca": {
      "cum_var_top": [
        0.559760494387143,
        0.6885003964708352,
        0.7870979568197061,
        0.8755241407939198,
        0.9335040257127136,
        0.9738975512256547,
        0.9853709238006898,
        0.9915946268014413
      ],
      "matched_components": {
        "matched_component_fraction": 0.4,
        "method": "pca",
        "n_matched_game_var": 0,
        "n_matched_known_signal": 2,
        "per_component_matched_kind": [
          "known_signal",
          "(none)",
          "(none)",
          "known_signal",
          "(none)"
        ],
        "per_component_matched_label": [
          "rw_activity",
          "(none; closest=clock@0.26)",
          "(none; closest=rw_activity@0.05)",
          "clock",
          "(none; closest=vsync_phase@0.28)"
        ],
        "per_component_matched_purity": [
          0.9298554079684747,
          0.2582273106634155,
          0.05068403943492175,
          0.6568772227873094,
          0.2786121903567875
        ],
        "topk": 5
      },
      "n_cells": 128,
      "n_frames": 150,
      "n_varying_cells": 42,
      "note": "PCA (SVD of the centred (T,128) tape). matched-component fraction = #top-k PCs concentrated on ONE known variable (a concept family, OR clock/R-W/vsync) / k. The pilot found ≈0 — PCs mix epiphenomenal high-variance structure across cells.",
      "var_explained_top": [
        0.559760494387143,
        0.12873990208369207,
        0.09859756034887093,
        0.08842618397421373,
        0.057979884918793786,
        0.04039352551294116,
        0.01147337257503503,
        0.006223703000751477
      ]
    },
    "purity_threshold": 0.5,
    "scales_to_cluster_via": "tools/cluster/xai_*.sbatch (E0-3) — the full A1..A8 battery over the core+breadth set; the forward is bit-exact to this HARD path.",
    "scored_in_conformance_window": true,
    "substrate": "jutari (Julia, HARD) — real-ROM bit-exact path; the importance oracle uses EXACT interventions re-run on the true ROM.",
    "testbed": {
      "cause_density_above_floor": 1,
      "cause_density_accepted": false,
      "cause_density_floor": 0.5,
      "cause_density_gate_k": 4,
      "horizon": 15,
      "n_causes": 14,
      "note": "P2 redesign: BOTH the scored oracle prefix AND the descriptive PCA/NMF trajectory run on a seeded random-action GAMEPLAY state (not the FIRE-then-NOOP oracle tape / synthetic active tape), gated by the §1 oracle cause-density gate. The trajectory is the gameplay stream for the first prefix+horizon frames then NOOP-continued to traj_frames. A7's dim-reduction + oracle-importance algorithm is unchanged; only the analysis state moves onto genuine input-driven gameplay.",
      "prefix": 90,
      "seed": 0,
      "shared_output": "screen_region(n_changed_px)@r105c80",
      "state_kind": "seeded_random_action_gameplay"
    },
    "topk_components": 5,
    "trajectory_frames": 150,
    "trajectory_trace": "active trace (4×FIRE + periodic RIGHTFIRE/LEFTFIRE)",
    "triad_nmf": {
      "F": -0.13284223283101432,
      "F_note": "Spearman(nmf per-cell recovery score, oracle causal importance) over candidate cells",
      "M": 0.0,
      "M_note": "1 − over-claim rate: fraction of nmf-surfaced cells (recovery ≥ q0.5) the oracle says are non-causal (variance≠causal trap)",
      "S": -0.2352607814946381,
      "S_note": "Pearson(nmf recovery, held-out do(base+37) screen break) — sufficiency on the bit-exact re-run",
      "interpretation": "Phase A is the calibration baseline (experiment_design.md §4): dim-reduction surfaces high-VARIANCE axes, which are NOT the causal cells (variance ≠ causal role — present ≠ used). F<1 + low matched-component fraction quantify the departure from the true causal structure."
    },
    "triad_pca": {
      "F": 0.13912166872805048,
      "F_note": "Spearman(pca per-cell recovery score, oracle causal importance) over candidate cells",
      "M": 0.0,
      "M_note": "1 − over-claim rate: fraction of pca-surfaced cells (recovery ≥ q0.5) the oracle says are non-causal (variance≠causal trap)",
      "S": -0.215620731132526,
      "S_note": "Pearson(pca recovery, held-out do(base+37) screen break) — sufficiency on the bit-exact re-run"
    }
  },
  "game": "battle_zone",
  "method": "A7_dim_reduction(NMF+PCA)",
  "metric_name": "A7_nmf_matched_component_fraction_vs_known_vars",
  "n": 6,
  "oracle_ref": "oracle_intervene@battle_zone#per-cell-causal-importance(screen-break)",
  "paper": "P2",
  "phase": "phaseA_kording",
  "seed": 0,
  "state": "gameplay(seed=0,prefix=90)+15",
  "stderr": null,
  "target_output": "latent-components",
  "timestamp": "1783015827",
  "value": 0.8,
  "where": "local"
}