{
  "arrays": "A7_breakout.npz",
  "ci": null,
  "commit": "ddf78172",
  "extra": {
    "bit_exact_rerun": true,
    "candidate_cells": [
      "RAM[30]:block_bit_map",
      "RAM[72]:player_x",
      "RAM[77]:blocks_hit_count",
      "RAM[84]:score",
      "RAM[99]:ball_x",
      "RAM[101]:ball_y",
      "RAM[0]:blocks",
      "RAM[57]:lives",
      "RAM[76]:score"
    ],
    "candidate_concept_family": [
      "block_bit",
      "player",
      "blocks_hit",
      "score",
      "ball",
      "ball",
      "blocks",
      "lives",
      "score"
    ],
    "candidate_ram_indices": [
      30,
      72,
      77,
      84,
      99,
      101,
      0,
      57,
      76
    ],
    "conformance_note": "scored oracle frame f90+15 is inside the Paper-1 60-frame screen conformance window (jutari↔xitari bit-exact).",
    "n_known_game_variables": 7,
    "nmf": {
      "component_energy_share": [
        0.17462309837761789,
        0.16744446824709736,
        0.12854148253022465,
        0.12142685689949773,
        0.10763006704458201,
        0.10434896418064354,
        0.10096198650160419,
        0.09502307621873268
      ],
      "matched_components": {
        "matched_component_fraction": 0.6,
        "method": "nmf",
        "n_matched_game_var": 0,
        "n_matched_known_signal": 3,
        "per_component_matched_kind": [
          "known_signal",
          "known_signal",
          "(none)",
          "(none)",
          "known_signal"
        ],
        "per_component_matched_label": [
          "clock",
          "clock",
          "(none; closest=clock@0.38)",
          "(none; closest=rw_activity@0.41)",
          "rw_activity"
        ],
        "per_component_matched_purity": [
          0.8769566114264783,
          0.9038340786677129,
          0.3824043444763442,
          0.4084425423094759,
          0.8008485166966639
        ],
        "topk": 5
      },
      "n_iters": 300,
      "note": "NMF (Lee & Seung multiplicative updates; RAM bytes are non-negative). matched-component fraction tests whether the non-negative PARTS align with single known variables better than PCA's signed components do — the prompt's NMF-vs-PCA question.",
      "rank": 8,
      "recon_rel_err_by_rank": [
        0.8672601801869811,
        0.7293804501475104,
        0.5889264098875395,
        0.4645061462881844,
        0.3587653216770769,
        0.24272133689657252,
        0.1284036763530454,
        0.04350479076043132
      ],
      "recon_rel_frobenius_err": 0.04350479076043132
    },
    "oracle_importance": {
      "importance_per_cell": {
        "RAM[0]:blocks": 144.0,
        "RAM[101]:ball_y": 48.0,
        "RAM[30]:block_bit_map": 48.0,
        "RAM[57]:lives": 144.0,
        "RAM[72]:player_x": 0.0,
        "RAM[76]:score": 104.0,
        "RAM[77]:blocks_hit_count": 208.0,
        "RAM[84]:score": 0.0,
        "RAM[99]:ball_x": 16.0
      },
      "n_causal_cells": 7,
      "note": "oracle importance(i) = max whole-screen break of an EXACT do(cell_i:=0)/do(cell_i:=base+17) intervention re-run on the real ROM (the §1 oracle restricted to the candidate cell + screen). The SAME map A2 / pilot_si.jl score against — the TRUE causal role."
    },
    "pca": {
      "cum_var_top": [
        0.7742947648351359,
        0.9324575910215556,
        0.9630776060186108,
        0.9838247820019924,
        0.9933864237734458,
        0.9960416439760248,
        0.9981304358890725,
        0.9996846427912448
      ],
      "matched_components": {
        "matched_component_fraction": 0.8,
        "method": "pca",
        "n_matched_game_var": 1,
        "n_matched_known_signal": 3,
        "per_component_matched_kind": [
          "known_signal",
          "known_signal",
          "known_signal",
          "game_var",
          "(none)"
        ],
        "per_component_matched_label": [
          "clock",
          "rw_activity",
          "vsync_phase",
          "ball",
          "(none; closest=clock@0.22)"
        ],
        "per_component_matched_purity": [
          0.912209919621801,
          0.5554795472865274,
          0.6094394446312749,
          0.9740759658260246,
          0.22292087766480737
        ],
        "topk": 5
      },
      "n_cells": 128,
      "n_frames": 150,
      "n_varying_cells": 19,
      "note": "PCA (SVD of the centred (T,128) tape). matched-component fraction = #top-k PCs concentrated on ONE known variable (a concept family, OR clock/R-W/vsync) / k. The pilot found ≈0 — PCs mix epiphenomenal high-variance structure across cells.",
      "var_explained_top": [
        0.7742947648351359,
        0.15816282618641966,
        0.030620014997055266,
        0.02074717598338158,
        0.009561641771453312,
        0.002655220202579017,
        0.002088791913047659,
        0.0015542069021723787
      ]
    },
    "purity_threshold": 0.5,
    "scales_to_cluster_via": "tools/cluster/xai_*.sbatch (E0-3) — the full A1..A8 battery over the core+breadth set; the forward is bit-exact to this HARD path.",
    "scored_in_conformance_window": true,
    "substrate": "jutari (Julia, HARD) — real-ROM bit-exact path; the importance oracle uses EXACT interventions re-run on the true ROM.",
    "testbed": {
      "cause_density_above_floor": 11,
      "cause_density_accepted": true,
      "cause_density_floor": 0.5,
      "cause_density_gate_k": 4,
      "horizon": 15,
      "n_causes": 20,
      "note": "P2 redesign: BOTH the scored oracle prefix AND the descriptive PCA/NMF trajectory run on a seeded random-action GAMEPLAY state (not the FIRE-then-NOOP oracle tape / synthetic active tape), gated by the §1 oracle cause-density gate. The trajectory is the gameplay stream for the first prefix+horizon frames then NOOP-continued to traj_frames. A7's dim-reduction + oracle-importance algorithm is unchanged; only the analysis state moves onto genuine input-driven gameplay.",
      "prefix": 90,
      "seed": 0,
      "shared_output": "screen_region(n_changed_px)@r190c103",
      "state_kind": "seeded_random_action_gameplay"
    },
    "topk_components": 5,
    "trajectory_frames": 150,
    "trajectory_trace": "active trace (4×FIRE + periodic RIGHTFIRE/LEFTFIRE)",
    "triad_nmf": {
      "F": -0.3605183418372233,
      "F_note": "Spearman(nmf per-cell recovery score, oracle causal importance) over candidate cells",
      "M": 1.0,
      "M_note": "M = |U*|/|U_hat| (03_methods.tex sec:triad, nmf): |U*|=7 (oracle movers) / |U_hat|=6 (method above-threshold)",
      "S": -0.5282879564494957,
      "S_note": "Pearson(nmf recovery, held-out do(base+37) screen break) — sufficiency on the bit-exact re-run",
      "interpretation": "Phase A is the calibration baseline (experiment_design.md §4): dim-reduction surfaces high-VARIANCE axes, which are NOT the causal cells (variance ≠ causal role — present ≠ used). F<1 + low matched-component fraction quantify the departure from the true causal structure.",
      "legacy_minimality": 1.0,
      "legacy_minimality_note": "1 − over-claim rate (the pre-standardization M). Retained for reference; the triad M above is the paper's |U*|/|U_hat|."
    },
    "triad_pca": {
      "F": -0.3882901373576604,
      "F_note": "Spearman(pca per-cell recovery score, oracle causal importance) over candidate cells",
      "M": 1.0,
      "M_note": "M = |U*|/|U_hat| (03_methods.tex sec:triad, pca): |U*|=7 (oracle movers) / |U_hat|=3 (method above-threshold)",
      "S": -0.3001551427109654,
      "S_note": "Pearson(pca recovery, held-out do(base+37) screen break) — sufficiency on the bit-exact re-run",
      "legacy_minimality": 1.0,
      "legacy_minimality_note": "1 − over-claim rate (the pre-standardization M). Retained for reference; the triad M above is the paper's |U*|/|U_hat|."
    }
  },
  "game": "breakout",
  "method": "A7_dim_reduction(NMF+PCA)",
  "metric_name": "A7_nmf_matched_component_fraction_vs_known_vars",
  "n": 9,