{
  "arrays": "A7_breakout.npz",
  "ci": null,
  "commit": "68b6ba6",
  "extra": {
    "bit_exact_rerun": true,
    "candidate_cells": [
      "RAM[30]:block_bit_map",
      "RAM[72]:player_x",
      "RAM[77]:blocks_hit_count",
      "RAM[84]:score",
      "RAM[99]:ball_x",
      "RAM[101]:ball_y",
      "RAM[0]:blocks",
      "RAM[57]:lives",
      "RAM[76]:score"
    ],
    "candidate_concept_family": [
      "block_bit",
      "player",
      "blocks_hit",
      "score",
      "ball",
      "ball",
      "blocks",
      "lives",
      "score"
    ],
    "candidate_ram_indices": [
      30,
      72,
      77,
      84,
      99,
      101,
      0,
      57,
      76
    ],
    "conformance_note": "scored oracle frame f60+30 is inside the Paper-1 60-frame screen conformance window (jutari↔xitari bit-exact).",
    "n_known_game_variables": 7,
    "nmf": {
      "component_energy_share": [
        0.15660104977833045,
        0.15462714409169476,
        0.13731831813500608,
        0.12871205138975148,
        0.12538563536235195,
        0.111787863890963,
        0.09638336090366945,
        0.08918457644823292
      ],
      "matched_components": {
        "matched_component_fraction": 0.8,
        "method": "nmf",
        "n_matched_game_var": 0,
        "n_matched_known_signal": 4,
        "per_component_matched_kind": [
          "known_signal",
          "known_signal",
          "known_signal",
          "known_signal",
          "(none)"
        ],
        "per_component_matched_label": [
          "clock",
          "rw_activity",
          "rw_activity",
          "rw_activity",
          "(none; closest=rw_activity@0.48)"
        ],
        "per_component_matched_purity": [
          0.8884899944505357,
          0.8731630182199227,
          0.7213228307260525,
          0.6262634544002679,
          0.47790431430500224
        ],
        "topk": 5
      },
      "n_iters": 300,
      "note": "NMF (Lee & Seung multiplicative updates; RAM bytes are non-negative). matched-component fraction tests whether the non-negative PARTS align with single known variables better than PCA's signed components do — the prompt's NMF-vs-PCA question.",
      "rank": 8,
      "recon_rel_err_by_rank": [
        0.8772273717912638,
        0.763573246716699,
        0.6335157882527325,
        0.4941305266165332,
        0.3519693000544395,
        0.22728546801383873,
        0.1146336203270667,
        0.018659923106732763
      ],
      "recon_rel_frobenius_err": 0.018659923106732763
    },
    "oracle_importance": {
      "importance_per_cell": {
        "RAM[0]:blocks": 144.0,
        "RAM[101]:ball_y": 32.0,
        "RAM[30]:block_bit_map": 48.0,
        "RAM[57]:lives": 24.0,
        "RAM[72]:player_x": 8.0,
        "RAM[76]:score": 104.0,
        "RAM[77]:blocks_hit_count": 208.0,
        "RAM[84]:score": 0.0,
        "RAM[99]:ball_x": 0.0
      },
      "n_causal_cells": 7,
      "note": "oracle importance(i) = max whole-screen break of an EXACT do(cell_i:=0)/do(cell_i:=base+17) intervention re-run on the real ROM (the §1 oracle restricted to the candidate cell + screen). The SAME map A2 / pilot_si.jl score against — the TRUE causal role."
    },
    "pca": {
      "cum_var_top": [
        0.7455089795644427,
        0.9493788542761639,
        0.9844165356586383,
        0.9933054115585568,
        0.9975553041420897,
        0.9995636830235604,
        0.9997919170990184,
        0.9998666638788873
      ],
      "matched_components": {
        "matched_component_fraction": 0.6,
        "method": "pca",
        "n_matched_game_var": 2,
        "n_matched_known_signal": 1,
        "per_component_matched_kind": [
          "known_signal",
          "(none)",
          "game_var",
          "game_var",
          "(none)"
        ],
        "per_component_matched_label": [
          "clock",
          "(none; closest=rw_activity@0.38)",
          "ball",
          "ball",
          "(none; closest=rw_activity@0.11)"
        ],
        "per_component_matched_purity": [
          0.9066235997521391,
          0.3766679382246726,
          0.9999163738152301,
          0.9999685416868399,
          0.1106244165209395
        ],
        "topk": 5
      },
      "n_cells": 128,
      "n_frames": 150,
      "n_varying_cells": 16,
      "note": "PCA (SVD of the centred (T,128) tape). matched-component fraction = #top-k PCs concentrated on ONE known variable (a concept family, OR clock/R-W/vsync) / k. The pilot found ≈0 — PCs mix epiphenomenal high-variance structure across cells.",
      "var_explained_top": [
        0.7455089795644427,
        0.2038698747117211,
        0.03503768138247441,
        0.008888875899918517,
        0.0042498925835330265,
        0.002008378881470537,
        0.00022823407545804718,
        7.474677986904579e-5
      ]
    },
    "purity_threshold": 0.5,
    "scales_to_cluster_via": "tools/cluster/xai_*.sbatch (E0-3) — the full A1..A8 battery over the core+breadth set; the forward is bit-exact to this HARD path.",
    "scored_in_conformance_window": true,
    "substrate": "jutari (Julia, HARD) — real-ROM bit-exact path; the importance oracle uses EXACT interventions re-run on the true ROM.",
    "topk_components": 5,
    "trajectory_frames": 150,
    "trajectory_trace": "active trace (4×FIRE + periodic RIGHTFIRE/LEFTFIRE)",
    "triad_nmf": {
      "F": -0.36598727043590507,
      "F_note": "Spearman(nmf per-cell recovery score, oracle causal importance) over candidate cells",
      "M": 0.6666666666666667,
      "M_note": "1 − over-claim rate: fraction of nmf-surfaced cells (recovery ≥ q0.5) the oracle says are non-causal (variance≠causal trap)",
      "S": -0.5618093587806344,
      "S_note": "Pearson(nmf recovery, held-out do(base+37) screen break) — sufficiency on the bit-exact re-run",
      "interpretation": "Phase A is the calibration baseline (experiment_design.md §4): dim-reduction surfaces high-VARIANCE axes, which are NOT the causal cells (variance ≠ causal role — present ≠ used). F<1 + low matched-component fraction quantify the departure from the true causal structure."
    },
    "triad_pca": {
      "F": -0.46761018155572276,
      "F_note": "Spearman(pca per-cell recovery score, oracle causal importance) over candidate cells",
      "M": 0.6666666666666667,
      "M_note": "1 − over-claim rate: fraction of pca-surfaced cells (recovery ≥ q0.5) the oracle says are non-causal (variance≠causal trap)",
      "S": -0.30707728259700784,
      "S_note": "Pearson(pca recovery, held-out do(base+37) screen break) — sufficiency on the bit-exact re-run"
    }
  },
  "game": "breakout",
  "method": "A7_dim_reduction(NMF+PCA)",
  "metric_name": "A7_nmf_matched_component_fraction_vs_known_vars",
  "n": 9,
  "oracle_ref": "oracle_intervene@breakout#per-cell-causal-importance(screen-break)",
  "paper": "P2",
  "phase": "phaseA_kording",
  "seed": 0,
  "state": "f60+30",
  "stderr": null,
  "target_output": "latent-components",
  "timestamp": "1782142649",
  "value": 0.8,
  "where": "local"
}