{
  "arrays": "A7_double_dunk.npz",
  "ci": null,
  "commit": "ddf78172",
  "extra": {
    "bit_exact_rerun": true,
    "candidate_cells": [
      "RAM[33]:xy",
      "RAM[34]:xy",
      "RAM[35]:xy",
      "RAM[36]:xy",
      "RAM[37]:xy",
      "RAM[38]:xy",
      "RAM[39]:xy",
      "RAM[40]:xy",
      "RAM[46]:xy",
      "RAM[47]:xy",
      "RAM[118]:value",
      "RAM[119]:value"
    ],
    "candidate_concept_family": [
      "xy",
      "xy",
      "xy",
      "xy",
      "xy",
      "xy",
      "xy",
      "xy",
      "xy",
      "xy",
      "value",
      "value"
    ],
    "candidate_ram_indices": [
      33,
      34,
      35,
      36,
      37,
      38,
      39,
      40,
      46,
      47,
      118,
      119
    ],
    "conformance_note": "scored oracle frame f90+15 is inside the Paper-1 60-frame screen conformance window (jutari↔xitari bit-exact).",
    "n_known_game_variables": 2,
    "nmf": {
      "component_energy_share": [
        0.1571671691638074,
        0.15496163788663037,
        0.13849464555259416,
        0.1269279686736148,
        0.12300245309580794,
        0.11695456272144023,
        0.09447261967787775,
        0.08801894322822737
      ],
      "matched_components": {
        "matched_component_fraction": 0.4,
        "method": "nmf",
        "n_matched_game_var": 0,
        "n_matched_known_signal": 2,
        "per_component_matched_kind": [
          "(none)",
          "(none)",
          "known_signal",
          "(none)",
          "known_signal"
        ],
        "per_component_matched_label": [
          "(none; closest=clock@0.38)",
          "(none; closest=clock@0.29)",
          "clock",
          "(none; closest=clock@0.17)",
          "clock"
        ],
        "per_component_matched_purity": [
          0.38498200821666373,
          0.28627176821279815,
          0.511506472936124,
          0.16880851415664175,
          0.6561573770813802
        ],
        "topk": 5
      },
      "n_iters": 300,
      "note": "NMF (Lee & Seung multiplicative updates; RAM bytes are non-negative). matched-component fraction tests whether the non-negative PARTS align with single known variables better than PCA's signed components do — the prompt's NMF-vs-PCA question.",
      "rank": 8,
      "recon_rel_err_by_rank": [
        0.8585894125286694,
        0.718345545617106,
        0.5843404667426944,
        0.4771823097633536,
        0.37166059842979493,
        0.2661675197287159,
        0.1991994057946539,
        0.14385442109423083
      ],
      "recon_rel_frobenius_err": 0.14385442109423083
    },
    "oracle_importance": {
      "importance_per_cell": {
        "RAM[118]:value": 38.0,
        "RAM[119]:value": 38.0,
        "RAM[33]:xy": 195.0,
        "RAM[34]:xy": 192.0,
        "RAM[35]:xy": 282.0,
        "RAM[36]:xy": 286.0,
        "RAM[37]:xy": 1260.0,
        "RAM[38]:xy": 144.0,
        "RAM[39]:xy": 392.0,
        "RAM[40]:xy": 166.0,
        "RAM[46]:xy": 221.0,
        "RAM[47]:xy": 233.0
      },
      "n_causal_cells": 12,
      "note": "oracle importance(i) = max whole-screen break of an EXACT do(cell_i:=0)/do(cell_i:=base+17) intervention re-run on the real ROM (the §1 oracle restricted to the candidate cell + screen). The SAME map A2 / pilot_si.jl score against — the TRUE causal role."
    },
    "pca": {
      "cum_var_top": [
        0.24208049419837915,
        0.40394089891437907,
        0.4999410058606759,
        0.5782036505496937,
        0.6422545508092404,
        0.7001627312635499,
        0.7429873315385721,
        0.7846054174653136
      ],
      "matched_components": {
        "matched_component_fraction": 0.2,
        "method": "pca",
        "n_matched_game_var": 0,
        "n_matched_known_signal": 1,
        "per_component_matched_kind": [
          "known_signal",
          "(none)",
          "(none)",
          "(none)",
          "(none)"
        ],
        "per_component_matched_label": [
          "clock",
          "(none; closest=rw_activity@0.26)",
          "(none; closest=clock@0.2)",
          "(none; closest=rw_activity@0.3)",
          "(none; closest=rw_activity@0.15)"
        ],
        "per_component_matched_purity": [
          0.784724870335991,
          0.25776791652465675,
          0.20039516792360867,
          0.296708255414663,
          0.15378371426693707
        ],
        "topk": 5
      },
      "n_cells": 128,
      "n_frames": 150,
      "n_varying_cells": 81,
      "note": "PCA (SVD of the centred (T,128) tape). matched-component fraction = #top-k PCs concentrated on ONE known variable (a concept family, OR clock/R-W/vsync) / k. The pilot found ≈0 — PCs mix epiphenomenal high-variance structure across cells.",
      "var_explained_top": [
        0.24208049419837915,
        0.1618604047159999,
        0.09600010694629685,
        0.07826264468901785,
        0.06405090025954675,
        0.05790818045430946,
        0.04282460027502214,
        0.04161808592674155
      ]
    },
    "purity_threshold": 0.5,
    "scales_to_cluster_via": "tools/cluster/xai_*.sbatch (E0-3) — the full A1..A8 battery over the core+breadth set; the forward is bit-exact to this HARD path.",
    "scored_in_conformance_window": true,
    "substrate": "jutari (Julia, HARD) — real-ROM bit-exact path; the importance oracle uses EXACT interventions re-run on the true ROM.",
    "testbed": {
      "cause_density_above_floor": 22,
      "cause_density_accepted": true,
      "cause_density_floor": 0.5,
      "cause_density_gate_k": 4,
      "horizon": 15,
      "n_causes": 26,
      "note": "P2 redesign: BOTH the scored oracle prefix AND the descriptive PCA/NMF trajectory run on a seeded random-action GAMEPLAY state (not the FIRE-then-NOOP oracle tape / synthetic active tape), gated by the §1 oracle cause-density gate. The trajectory is the gameplay stream for the first prefix+horizon frames then NOOP-continued to traj_frames. A7's dim-reduction + oracle-importance algorithm is unchanged; only the analysis state moves onto genuine input-driven gameplay.",
      "prefix": 90,
      "seed": 0,
      "shared_output": "screen_region(n_changed_px)@r105c80",
      "state_kind": "seeded_random_action_gameplay"
    },
    "topk_components": 5,
    "trajectory_frames": 150,
    "trajectory_trace": "active trace (4×FIRE + periodic RIGHTFIRE/LEFTFIRE)",
    "triad_nmf": {
      "F": 0.12982456140350876,
      "F_note": "Spearman(nmf per-cell recovery score, oracle causal importance) over candidate cells",
      "M": 1.0,
      "M_note": "M = |U*|/|U_hat| (03_methods.tex sec:triad, nmf): |U*|=12 (oracle movers) / |U_hat|=10 (method above-threshold)",
      "S": 0.6798131128189211,
      "S_note": "Pearson(nmf recovery, held-out do(base+37) screen break) — sufficiency on the bit-exact re-run",
      "interpretation": "Phase A is the calibration baseline (experiment_design.md §4): dim-reduction surfaces high-VARIANCE axes, which are NOT the causal cells (variance ≠ causal role — present ≠ used). F<1 + low matched-component fraction quantify the departure from the true causal structure.",
      "legacy_minimality": 1.0,
      "legacy_minimality_note": "1 − over-claim rate (the pre-standardization M). Retained for reference; the triad M above is the paper's |U*|/|U_hat|."
    },
    "triad_pca": {
      "F": 0.5017543859649123,
      "F_note": "Spearman(pca per-cell recovery score, oracle causal importance) over candidate cells",
      "M": 1.0,
      "M_note": "M = |U*|/|U_hat| (03_methods.tex sec:triad, pca): |U*|=12 (oracle movers) / |U_hat|=10 (method above-threshold)",
      "S": -0.02343917305936028,
      "S_note": "Pearson(pca recovery, held-out do(base+37) screen break) — sufficiency on the bit-exact re-run",
      "legacy_minimality": 1.0,
      "legacy_minimality_note": "1 − over-claim rate (the pre-standardization M). Retained for reference; the triad M above is the paper's |U*|/|U_hat|."
    }
  },
  "game": "double_dunk",