{
  "arrays": "A7_fishing_derby.npz",
  "ci": null,
  "commit": "d85961ed",
  "extra": {
    "bit_exact_rerun": true,
    "candidate_cells": [
      "RAM[23]:p1s.hook_position",
      "RAM[24]:p2s.hook_position",
      "RAM[34]:p1s.hook_position",
      "RAM[35]:p2s.hook_position",
      "RAM[61]:value",
      "RAM[62]:value",
      "RAM[65]:p1s.hook_position",
      "RAM[66]:p2s.hook_position",
      "RAM[75]:xy"
    ],
    "candidate_concept_family": [
      "p1s",
      "p2s",
      "p1s",
      "p2s",
      "value",
      "value",
      "p1s",
      "p2s",
      "xy"
    ],
    "candidate_ram_indices": [
      23,
      24,
      34,
      35,
      61,
      62,
      65,
      66,
      75
    ],
    "conformance_note": "scored oracle frame f90+15 is inside the Paper-1 60-frame screen conformance window (jutari↔xitari bit-exact).",
    "n_known_game_variables": 4,
    "nmf": {
      "component_energy_share": [
        0.194066178616006,
        0.13716000569683826,
        0.12791553331801317,
        0.11363044705881556,
        0.1132833532412735,
        0.10630883109129953,
        0.10481413737190008,
        0.10282151360585391
      ],
      "matched_components": {
        "matched_component_fraction": 0.4,
        "method": "nmf",
        "n_matched_game_var": 0,
        "n_matched_known_signal": 2,
        "per_component_matched_kind": [
          "known_signal",
          "(none)",
          "known_signal",
          "(none)",
          "(none)"
        ],
        "per_component_matched_label": [
          "clock",
          "(none; closest=clock@0.35)",
          "clock",
          "(none; closest=clock@0.24)",
          "(none; closest=clock@0.2)"
        ],
        "per_component_matched_purity": [
          0.5070932610244971,
          0.35462221611407374,
          0.690564320993331,
          0.23510380566347597,
          0.20026749190970292
        ],
        "topk": 5
      },
      "n_iters": 300,
      "note": "NMF (Lee & Seung multiplicative updates; RAM bytes are non-negative). matched-component fraction tests whether the non-negative PARTS align with single known variables better than PCA's signed components do — the prompt's NMF-vs-PCA question.",
      "rank": 8,
      "recon_rel_err_by_rank": [
        0.790650109702104,
        0.6666122455188632,
        0.5723835703501781,
        0.4688235575489696,
        0.37657398003351844,
        0.2849934131597568,
        0.1972145392091873,
        0.1183167948821286
      ],
      "recon_rel_frobenius_err": 0.1183167948821286
    },
    "oracle_importance": {
      "importance_per_cell": {
        "RAM[23]:p1s.hook_position": 0.0,
        "RAM[24]:p2s.hook_position": 0.0,
        "RAM[34]:p1s.hook_position": 0.0,
        "RAM[35]:p2s.hook_position": 0.0,
        "RAM[61]:value": 60.0,
        "RAM[62]:value": 60.0,
        "RAM[65]:p1s.hook_position": 38.0,
        "RAM[66]:p2s.hook_position": 222.0,
        "RAM[75]:xy": 354.0
      },
      "n_causal_cells": 5,
      "note": "oracle importance(i) = max whole-screen break of an EXACT do(cell_i:=0)/do(cell_i:=base+17) intervention re-run on the real ROM (the §1 oracle restricted to the candidate cell + screen). The SAME map A2 / pilot_si.jl score against — the TRUE causal role."
    },
    "pca": {
      "cum_var_top": [
        0.36313444315617927,
        0.4945847889756877,
        0.5816817229925022,
        0.651082917795805,
        0.7177561474695552,
        0.7761672888355382,
        0.8195292926517952,
        0.8603815971782669
      ],
      "matched_components": {
        "matched_component_fraction": 0.2,
        "method": "pca",
        "n_matched_game_var": 0,
        "n_matched_known_signal": 1,
        "per_component_matched_kind": [
          "known_signal",
          "(none)",
          "(none)",
          "(none)",
          "(none)"
        ],
        "per_component_matched_label": [
          "clock",
          "(none; closest=clock@0.11)",
          "(none; closest=clock@0.12)",
          "(none; closest=clock@0.16)",
          "(none; closest=vsync_phase@0.09)"
        ],
        "per_component_matched_purity": [
          0.7481587797603374,
          0.10913121489086866,
          0.11893377592500112,
          0.16005764565461958,
          0.09104472792101842
        ],
        "topk": 5
      },
      "n_cells": 128,
      "n_frames": 150,
      "n_varying_cells": 63,
      "note": "PCA (SVD of the centred (T,128) tape). matched-component fraction = #top-k PCs concentrated on ONE known variable (a concept family, OR clock/R-W/vsync) / k. The pilot found ≈0 — PCs mix epiphenomenal high-variance structure across cells.",
      "var_explained_top": [
        0.36313444315617927,
        0.13145034581950843,
        0.08709693401681458,
        0.06940119480330267,
        0.06667322967375025,
        0.05841114136598306,
        0.043362003816256996,
        0.040852304526471726
      ]
    },
    "purity_threshold": 0.5,
    "scales_to_cluster_via": "tools/cluster/xai_*.sbatch (E0-3) — the full A1..A8 battery over the core+breadth set; the forward is bit-exact to this HARD path.",
    "scored_in_conformance_window": true,
    "substrate": "jutari (Julia, HARD) — real-ROM bit-exact path; the importance oracle uses EXACT interventions re-run on the true ROM.",
    "testbed": {
      "cause_density_above_floor": 8,
      "cause_density_accepted": true,
      "cause_density_floor": 0.5,
      "cause_density_gate_k": 4,
      "horizon": 15,
      "n_causes": 20,
      "note": "P2 redesign: BOTH the scored oracle prefix AND the descriptive PCA/NMF trajectory run on a seeded random-action GAMEPLAY state (not the FIRE-then-NOOP oracle tape / synthetic active tape), gated by the §1 oracle cause-density gate. The trajectory is the gameplay stream for the first prefix+horizon frames then NOOP-continued to traj_frames. A7's dim-reduction + oracle-importance algorithm is unchanged; only the analysis state moves onto genuine input-driven gameplay.",
      "prefix": 90,
      "seed": 0,
      "shared_output": "screen_region(n_changed_px)@r128c31",
      "state_kind": "seeded_random_action_gameplay"
    },
    "topk_components": 5,
    "trajectory_frames": 150,
    "trajectory_trace": "active trace (4×FIRE + periodic RIGHTFIRE/LEFTFIRE)",
    "triad_nmf": {
      "F": -0.043901895803817224,
      "F_note": "Spearman(nmf per-cell recovery score, oracle causal importance) over candidate cells",
      "M": 0.5,
      "M_note": "1 − over-claim rate: fraction of nmf-surfaced cells (recovery ≥ q0.5) the oracle says are non-causal (variance≠causal trap)",
      "S": -0.14273522249151271,
      "S_note": "Pearson(nmf recovery, held-out do(base+37) screen break) — sufficiency on the bit-exact re-run",
      "interpretation": "Phase A is the calibration baseline (experiment_design.md §4): dim-reduction surfaces high-VARIANCE axes, which are NOT the causal cells (variance ≠ causal role — present ≠ used). F<1 + low matched-component fraction quantify the departure from the true causal structure."
    },
    "triad_pca": {
      "F": -0.06146265412534411,
      "F_note": "Spearman(pca per-cell recovery score, oracle causal importance) over candidate cells",
      "M": 0.5,
      "M_note": "1 − over-claim rate: fraction of pca-surfaced cells (recovery ≥ q0.5) the oracle says are non-causal (variance≠causal trap)",
      "S": -0.03167629233973148,
      "S_note": "Pearson(pca recovery, held-out do(base+37) screen break) — sufficiency on the bit-exact re-run"
    }
  },
  "game": "fishing_derby",
  "method": "A7_dim_reduction(NMF+PCA)",
  "metric_name": "A7_nmf_matched_component_fraction_vs_known_vars",
  "n": 9,
  "oracle_ref": "oracle_intervene@fishing_derby#per-cell-causal-importance(screen-break)",
  "paper": "P2",
  "phase": "phaseA_kording",
  "seed": 0,
  "state": "gameplay(seed=0,prefix=90)+15",
  "stderr": null,
  "target_output": "latent-components",
  "timestamp": "1783124751",
  "value": 0.4,