{
  "arrays": "A7_pong.npz",
  "ci": null,
  "commit": "ddf78172",
  "extra": {
    "bit_exact_rerun": true,
    "candidate_cells": [
      "RAM[13]:enemy_score",
      "RAM[14]:player_score",
      "RAM[45]:enemy_x",
      "RAM[46]:player_x",
      "RAM[49]:ball_x",
      "RAM[50]:enemy_y",
      "RAM[51]:player_y",
      "RAM[54]:ball_y"
    ],
    "candidate_concept_family": [
      "enemy_score",
      "score",
      "enemy",
      "player",
      "ball",
      "enemy",
      "player",
      "ball"
    ],
    "candidate_ram_indices": [
      13,
      14,
      45,
      46,
      49,
      50,
      51,
      54
    ],
    "conformance_note": "scored oracle frame f90+15 is inside the Paper-1 60-frame screen conformance window (jutari↔xitari bit-exact).",
    "n_known_game_variables": 5,
    "nmf": {
      "component_energy_share": [
        0.24070670917238038,
        0.13849711368237833,
        0.1137781477533254,
        0.11087498090225428,
        0.10781870886303938,
        0.10527654540829638,
        0.10441416371175459,
        0.07863363050657117
      ],
      "matched_components": {
        "matched_component_fraction": 0.6,
        "method": "nmf",
        "n_matched_game_var": 0,
        "n_matched_known_signal": 3,
        "per_component_matched_kind": [
          "known_signal",
          "known_signal",
          "(none)",
          "known_signal",
          "(none)"
        ],
        "per_component_matched_label": [
          "clock",
          "clock",
          "(none; closest=clock@0.4)",
          "clock",
          "(none; closest=clock@0.19)"
        ],
        "per_component_matched_purity": [
          0.718427730296881,
          0.8187231843738435,
          0.4023148433539205,
          0.8579130303932094,
          0.18711108236237114
        ],
        "topk": 5
      },
      "n_iters": 300,
      "note": "NMF (Lee & Seung multiplicative updates; RAM bytes are non-negative). matched-component fraction tests whether the non-negative PARTS align with single known variables better than PCA's signed components do — the prompt's NMF-vs-PCA question.",
      "rank": 8,
      "recon_rel_err_by_rank": [
        0.8805360757547921,
        0.7977896258760894,
        0.6552827323421555,
        0.5116491261267855,
        0.4120733759830985,
        0.26790116513093215,
        0.1280502960699527,
        0.039586518834838214
      ],
      "recon_rel_frobenius_err": 0.03958651883483822
    },
    "oracle_importance": {
      "importance_per_cell": {
        "RAM[13]:enemy_score": 160.0,
        "RAM[14]:player_score": 160.0,
        "RAM[45]:enemy_x": 0.0,
        "RAM[46]:player_x": 0.0,
        "RAM[49]:ball_x": 344.0,
        "RAM[50]:enemy_y": 0.0,
        "RAM[51]:player_y": 0.0,
        "RAM[54]:ball_y": 136.0
      },
      "n_causal_cells": 4,
      "note": "oracle importance(i) = max whole-screen break of an EXACT do(cell_i:=0)/do(cell_i:=base+17) intervention re-run on the real ROM (the §1 oracle restricted to the candidate cell + screen). The SAME map A2 / pilot_si.jl score against — the TRUE causal role."
    },
    "pca": {
      "cum_var_top": [
        0.6829132023139927,
        0.8931879586835388,
        0.9668842567010165,
        0.989296999018588,
        0.9944015251966448,
        0.9975616098220261,
        0.9989025628599486,
        0.9996785197520017
      ],
      "matched_components": {
        "matched_component_fraction": 0.6,
        "method": "pca",
        "n_matched_game_var": 2,
        "n_matched_known_signal": 1,
        "per_component_matched_kind": [
          "known_signal",
          "game_var",
          "(none)",
          "(none)",
          "game_var"
        ],
        "per_component_matched_label": [
          "clock",
          "ball",
          "(none; closest=rw_activity@0.12)",
          "(none; closest=rw_activity@0.18)",
          "ball"
        ],
        "per_component_matched_purity": [
          0.8635867451635122,
          0.5684681877524815,
          0.11926680827726277,
          0.18139372883671306,
          0.7724793749033174
        ],
        "topk": 5
      },
      "n_cells": 128,
      "n_frames": 150,
      "n_varying_cells": 19,
      "note": "PCA (SVD of the centred (T,128) tape). matched-component fraction = #top-k PCs concentrated on ONE known variable (a concept family, OR clock/R-W/vsync) / k. The pilot found ≈0 — PCs mix epiphenomenal high-variance structure across cells.",
      "var_explained_top": [
        0.6829132023139927,
        0.2102747563695462,
        0.07369629801747765,
        0.022412742317571566,
        0.005104526178056748,
        0.0031600846253813015,
        0.0013409530379224419,
        0.0007759568920531969
      ]
    },
    "purity_threshold": 0.5,
    "scales_to_cluster_via": "tools/cluster/xai_*.sbatch (E0-3) — the full A1..A8 battery over the core+breadth set; the forward is bit-exact to this HARD path.",
    "scored_in_conformance_window": true,
    "substrate": "jutari (Julia, HARD) — real-ROM bit-exact path; the importance oracle uses EXACT interventions re-run on the true ROM.",
    "testbed": {
      "cause_density_above_floor": 6,
      "cause_density_accepted": true,
      "cause_density_floor": 0.5,
      "cause_density_gate_k": 4,
      "horizon": 15,
      "n_causes": 18,
      "note": "P2 redesign: BOTH the scored oracle prefix AND the descriptive PCA/NMF trajectory run on a seeded random-action GAMEPLAY state (not the FIRE-then-NOOP oracle tape / synthetic active tape), gated by the §1 oracle cause-density gate. The trajectory is the gameplay stream for the first prefix+horizon frames then NOOP-continued to traj_frames. A7's dim-reduction + oracle-importance algorithm is unchanged; only the analysis state moves onto genuine input-driven gameplay.",
      "prefix": 90,
      "seed": 0,
      "shared_output": "screen_region(n_changed_px)@r162c17",
      "state_kind": "seeded_random_action_gameplay"
    },
    "topk_components": 5,
    "trajectory_frames": 150,
    "trajectory_trace": "active trace (4×FIRE + periodic RIGHTFIRE/LEFTFIRE)",
    "triad_nmf": {
      "F": -0.3854080473098308,
      "F_note": "Spearman(nmf per-cell recovery score, oracle causal importance) over candidate cells",
      "M": 0.6666666666666666,
      "M_note": "M = |U*|/|U_hat| (03_methods.tex sec:triad, nmf): |U*|=4 (oracle movers) / |U_hat|=6 (method above-threshold)",
      "S": -0.2910862615529313,
      "S_note": "Pearson(nmf recovery, held-out do(base+37) screen break) — sufficiency on the bit-exact re-run",
      "interpretation": "Phase A is the calibration baseline (experiment_design.md §4): dim-reduction surfaces high-VARIANCE axes, which are NOT the causal cells (variance ≠ causal role — present ≠ used). F<1 + low matched-component fraction quantify the departure from the true causal structure.",
      "legacy_minimality": 0.33333333333333337,
      "legacy_minimality_note": "1 − over-claim rate (the pre-standardization M). Retained for reference; the triad M above is the paper's |U*|/|U_hat|."
    },
    "triad_pca": {
      "F": -0.04081727099225389,
      "F_note": "Spearman(pca per-cell recovery score, oracle causal importance) over candidate cells",
      "M": 1.0,
      "M_note": "M = |U*|/|U_hat| (03_methods.tex sec:triad, pca): |U*|=4 (oracle movers) / |U_hat|=4 (method above-threshold)",
      "S": -0.1916408936406495,
      "S_note": "Pearson(pca recovery, held-out do(base+37) screen break) — sufficiency on the bit-exact re-run",
      "legacy_minimality": 0.5,
      "legacy_minimality_note": "1 − over-claim rate (the pre-standardization M). Retained for reference; the triad M above is the paper's |U*|/|U_hat|."
    }
  },
  "game": "pong",
  "method": "A7_dim_reduction(NMF+PCA)",
  "metric_name": "A7_nmf_matched_component_fraction_vs_known_vars",
  "n": 8,
  "oracle_ref": "oracle_intervene@pong#per-cell-causal-importance(screen-break)",
  "paper": "P2",
  "phase": "phaseA_kording",
  "seed": 0,