{
  "arrays": "A7_pong.npz",
  "ci": null,
  "commit": "68b6ba6",
  "extra": {
    "bit_exact_rerun": true,
    "candidate_cells": [
      "RAM[13]:enemy_score",
      "RAM[14]:player_score",
      "RAM[45]:enemy_x",
      "RAM[46]:player_x",
      "RAM[49]:ball_x",
      "RAM[50]:enemy_y",
      "RAM[51]:player_y",
      "RAM[54]:ball_y"
    ],
    "candidate_concept_family": [
      "enemy_score",
      "score",
      "enemy",
      "player",
      "ball",
      "enemy",
      "player",
      "ball"
    ],
    "candidate_ram_indices": [
      13,
      14,
      45,
      46,
      49,
      50,
      51,
      54
    ],
    "conformance_note": "scored oracle frame f60+30 is inside the Paper-1 60-frame screen conformance window (jutari↔xitari bit-exact).",
    "n_known_game_variables": 5,
    "nmf": {
      "component_energy_share": [
        0.2462479771278013,
        0.14682273934600948,
        0.12125155495713547,
        0.11823278389221192,
        0.09717643728537012,
        0.09596047256150532,
        0.09533078430596671,
        0.07897725052399952
      ],
      "matched_components": {
        "matched_component_fraction": 0.8,
        "method": "nmf",
        "n_matched_game_var": 0,
        "n_matched_known_signal": 4,
        "per_component_matched_kind": [
          "known_signal",
          "known_signal",
          "known_signal",
          "(none)",
          "known_signal"
        ],
        "per_component_matched_label": [
          "clock",
          "clock",
          "clock",
          "(none; closest=clock@0.44)",
          "clock"
        ],
        "per_component_matched_purity": [
          0.7195131804540776,
          0.8052464592840525,
          0.8834072203820903,
          0.4352783220634383,
          0.7943882115554947
        ],
        "topk": 5
      },
      "n_iters": 300,
      "note": "NMF (Lee & Seung multiplicative updates; RAM bytes are non-negative). matched-component fraction tests whether the non-negative PARTS align with single known variables better than PCA's signed components do — the prompt's NMF-vs-PCA question.",
      "rank": 8,
      "recon_rel_err_by_rank": [
        0.880324649582504,
        0.7929806515320278,
        0.6461513997495414,
        0.49923974055510606,
        0.36604190612084314,
        0.24294107928794242,
        0.12359309889384545,
        0.03956234334558974
      ],
      "recon_rel_frobenius_err": 0.03956234334558974
    },
    "oracle_importance": {
      "importance_per_cell": {
        "RAM[13]:enemy_score": 160.0,
        "RAM[14]:player_score": 160.0,
        "RAM[45]:enemy_x": 0.0,
        "RAM[46]:player_x": 0.0,
        "RAM[49]:ball_x": 344.0,
        "RAM[50]:enemy_y": 0.0,
        "RAM[51]:player_y": 0.0,
        "RAM[54]:ball_y": 144.0
      },
      "n_causal_cells": 4,
      "note": "oracle importance(i) = max whole-screen break of an EXACT do(cell_i:=0)/do(cell_i:=base+17) intervention re-run on the real ROM (the §1 oracle restricted to the candidate cell + screen). The SAME map A2 / pilot_si.jl score against — the TRUE causal role."
    },
    "pca": {
      "cum_var_top": [
        0.7379409350098765,
        0.9667386924181954,
        0.9915975769029969,
        0.9965670256834642,
        0.9995493661703483,
        0.9999437376332266,
        0.9999803309779902,
        0.9999892751439853
      ],
      "matched_components": {
        "matched_component_fraction": 0.6,
        "method": "pca",
        "n_matched_game_var": 2,
        "n_matched_known_signal": 1,
        "per_component_matched_kind": [
          "known_signal",
          "game_var",
          "(none)",
          "game_var",
          "(none)"
        ],
        "per_component_matched_label": [
          "clock",
          "ball",
          "(none; closest=rw_activity@0.14)",
          "ball",
          "(none; closest=clock@0.26)"
        ],
        "per_component_matched_purity": [
          0.8608665683748415,
          0.5789917817868835,
          0.1423021347047394,
          0.960886422113082,
          0.26220709078338655
        ],
        "topk": 5
      },
      "n_cells": 128,
      "n_frames": 150,
      "n_varying_cells": 18,
      "note": "PCA (SVD of the centred (T,128) tape). matched-component fraction = #top-k PCs concentrated on ONE known variable (a concept family, OR clock/R-W/vsync) / k. The pilot found ≈0 — PCs mix epiphenomenal high-variance structure across cells.",
      "var_explained_top": [
        0.7379409350098765,
        0.22879775740831898,
        0.024858884484801422,
        0.004969448780467367,
        0.002982340486884007,
        0.00039437146287841883,
        3.6593344763535226e-5,
        8.944165995104089e-6
      ]
    },
    "purity_threshold": 0.5,
    "scales_to_cluster_via": "tools/cluster/xai_*.sbatch (E0-3) — the full A1..A8 battery over the core+breadth set; the forward is bit-exact to this HARD path.",
    "scored_in_conformance_window": true,
    "substrate": "jutari (Julia, HARD) — real-ROM bit-exact path; the importance oracle uses EXACT interventions re-run on the true ROM.",
    "topk_components": 5,
    "trajectory_frames": 150,
    "trajectory_trace": "active trace (4×FIRE + periodic RIGHTFIRE/LEFTFIRE)",
    "triad_nmf": {
      "F": -0.3854080473098308,
      "F_note": "Spearman(nmf per-cell recovery score, oracle causal importance) over candidate cells",
      "M": 0.33333333333333337,
      "M_note": "1 − over-claim rate: fraction of nmf-surfaced cells (recovery ≥ q0.5) the oracle says are non-causal (variance≠causal trap)",
      "S": -0.04437013088857085,
      "S_note": "Pearson(nmf recovery, held-out do(base+37) screen break) — sufficiency on the bit-exact re-run",
      "interpretation": "Phase A is the calibration baseline (experiment_design.md §4): dim-reduction surfaces high-VARIANCE axes, which are NOT the causal cells (variance ≠ causal role — present ≠ used). F<1 + low matched-component fraction quantify the departure from the true causal structure."
    },
    "triad_pca": {
      "F": -0.04081727099225389,
      "F_note": "Spearman(pca per-cell recovery score, oracle causal importance) over candidate cells",
      "M": 0.5,
      "M_note": "1 − over-claim rate: fraction of pca-surfaced cells (recovery ≥ q0.5) the oracle says are non-causal (variance≠causal trap)",
      "S": 0.07082867416447225,
      "S_note": "Pearson(pca recovery, held-out do(base+37) screen break) — sufficiency on the bit-exact re-run"
    }
  },
  "game": "pong",
  "method": "A7_dim_reduction(NMF+PCA)",
  "metric_name": "A7_nmf_matched_component_fraction_vs_known_vars",
  "n": 8,
  "oracle_ref": "oracle_intervene@pong#per-cell-causal-importance(screen-break)",
  "paper": "P2",
  "phase": "phaseA_kording",
  "seed": 0,
  "state": "f60+30",
  "stderr": null,
  "target_output": "latent-components",
  "timestamp": "1782142643",
  "value": 0.8,
  "where": "local"
}