{
  "arrays": "A7_robotank.npz",
  "ci": null,
  "commit": "9391b559",
  "extra": {
    "bit_exact_rerun": true,
    "candidate_cells": [
      "RAM[13]:enemy_score",
      "RAM[14]:player_score",
      "RAM[49]:ball_x",
      "RAM[54]:ball_y",
      "RAM[51]:player_y",
      "RAM[50]:enemy_y"
    ],
    "candidate_concept_family": [
      "enemy_score",
      "score",
      "ball",
      "ball",
      "player",
      "enemy"
    ],
    "candidate_ram_indices": [
      13,
      14,
      49,
      54,
      51,
      50
    ],
    "conformance_note": "scored oracle frame f90+15 is inside the Paper-1 60-frame screen conformance window (jutari↔xitari bit-exact).",
    "n_known_game_variables": 5,
    "nmf": {
      "component_energy_share": [
        0.16530628277862608,
        0.14659043801060778,
        0.12770168758297284,
        0.121031084556072,
        0.12071017483357024,
        0.11395299171825442,
        0.1077827509215019,
        0.09692458959839467
      ],
      "matched_components": {
        "matched_component_fraction": 0.4,
        "method": "nmf",
        "n_matched_game_var": 0,
        "n_matched_known_signal": 2,
        "per_component_matched_kind": [
          "known_signal",
          "known_signal",
          "(none)",
          "(none)",
          "(none)"
        ],
        "per_component_matched_label": [
          "clock",
          "clock",
          "(none; closest=clock@0.31)",
          "(none; closest=rw_activity@0.3)",
          "(none; closest=rw_activity@0.13)"
        ],
        "per_component_matched_purity": [
          0.653367342945276,
          0.5171253628492944,
          0.31323785338871124,
          0.3035563903074681,
          0.12979136216257786
        ],
        "topk": 5
      },
      "n_iters": 300,
      "note": "NMF (Lee & Seung multiplicative updates; RAM bytes are non-negative). matched-component fraction tests whether the non-negative PARTS align with single known variables better than PCA's signed components do — the prompt's NMF-vs-PCA question.",
      "rank": 8,
      "recon_rel_err_by_rank": [
        0.8430946839246612,
        0.7346086242849516,
        0.6161866659312705,
        0.4922649031500239,
        0.3779549228688149,
        0.26566979240688116,
        0.16515082888258073,
        0.07274205530589294
      ],
      "recon_rel_frobenius_err": 0.07274205530589294
    },
    "oracle_importance": {
      "importance_per_cell": {
        "RAM[13]:enemy_score": 40.0,
        "RAM[14]:player_score": 0.0,
        "RAM[49]:ball_x": 18395.0,
        "RAM[50]:enemy_y": 0.0,
        "RAM[51]:player_y": 0.0,
        "RAM[54]:ball_y": 76.0
      },
      "n_causal_cells": 3,
      "note": "oracle importance(i) = max whole-screen break of an EXACT do(cell_i:=0)/do(cell_i:=base+17) intervention re-run on the real ROM (the §1 oracle restricted to the candidate cell + screen). The SAME map A2 / pilot_si.jl score against — the TRUE causal role."
    },
    "pca": {
      "cum_var_top": [
        0.390732677625278,
        0.6677787215568591,
        0.753813821413643,
        0.8182164334630166,
        0.8791959748849683,
        0.9171671573629845,
        0.9421237018202939,
        0.962823190093498
      ],
      "matched_components": {
        "matched_component_fraction": 0.2,
        "method": "pca",
        "n_matched_game_var": 0,
        "n_matched_known_signal": 1,
        "per_component_matched_kind": [
          "known_signal",
          "(none)",
          "(none)",
          "(none)",
          "(none)"
        ],
        "per_component_matched_label": [
          "clock",
          "(none; closest=clock@0.31)",
          "(none; closest=rw_activity@0.3)",
          "(none; closest=rw_activity@0.38)",
          "(none; closest=clock@0.29)"
        ],
        "per_component_matched_purity": [
          0.8031376609548588,
          0.31235305117038714,
          0.3006043079373125,
          0.378084678996443,
          0.28792726401482255
        ],
        "topk": 5
      },
      "n_cells": 128,
      "n_frames": 150,
      "n_varying_cells": 44,
      "note": "PCA (SVD of the centred (T,128) tape). matched-component fraction = #top-k PCs concentrated on ONE known variable (a concept family, OR clock/R-W/vsync) / k. The pilot found ≈0 — PCs mix epiphenomenal high-variance structure across cells.",
      "var_explained_top": [
        0.390732677625278,
        0.2770460439315811,
        0.08603509985678377,
        0.0644026120493737,
        0.060979541421951736,
        0.037971182478016216,
        0.024956544457309323,
        0.020699488273204274
      ]
    },
    "purity_threshold": 0.5,
    "scales_to_cluster_via": "tools/cluster/xai_*.sbatch (E0-3) — the full A1..A8 battery over the core+breadth set; the forward is bit-exact to this HARD path.",
    "scored_in_conformance_window": true,
    "substrate": "jutari (Julia, HARD) — real-ROM bit-exact path; the importance oracle uses EXACT interventions re-run on the true ROM.",
    "testbed": {
      "cause_density_above_floor": 5,
      "cause_density_accepted": true,
      "cause_density_floor": 0.5,
      "cause_density_gate_k": 4,
      "horizon": 15,
      "n_causes": 14,
      "note": "P2 redesign: BOTH the scored oracle prefix AND the descriptive PCA/NMF trajectory run on a seeded random-action GAMEPLAY state (not the FIRE-then-NOOP oracle tape / synthetic active tape), gated by the §1 oracle cause-density gate. The trajectory is the gameplay stream for the first prefix+horizon frames then NOOP-continued to traj_frames. A7's dim-reduction + oracle-importance algorithm is unchanged; only the analysis state moves onto genuine input-driven gameplay.",
      "prefix": 90,
      "seed": 0,
      "shared_output": "screen_region(n_changed_px)@r8c9",
      "state_kind": "seeded_random_action_gameplay"
    },
    "topk_components": 5,
    "trajectory_frames": 150,
    "trajectory_trace": "active trace (4×FIRE + periodic RIGHTFIRE/LEFTFIRE)",
    "triad_nmf": {
      "F": 0.16129032258064516,
      "F_note": "Spearman(nmf per-cell recovery score, oracle causal importance) over candidate cells",
      "M": 0.5,
      "M_note": "1 − over-claim rate: fraction of nmf-surfaced cells (recovery ≥ q0.5) the oracle says are non-causal (variance≠causal trap)",
      "S": -0.29287335331056,
      "S_note": "Pearson(nmf recovery, held-out do(base+37) screen break) — sufficiency on the bit-exact re-run",
      "interpretation": "Phase A is the calibration baseline (experiment_design.md §4): dim-reduction surfaces high-VARIANCE axes, which are NOT the causal cells (variance ≠ causal role — present ≠ used). F<1 + low matched-component fraction quantify the departure from the true causal structure."
    },
    "triad_pca": {
      "F": 0.0,
      "F_note": "Spearman(pca per-cell recovery score, oracle causal importance) over candidate cells",
      "M": 1.0,
      "M_note": "1 − over-claim rate: fraction of pca-surfaced cells (recovery ≥ q0.5) the oracle says are non-causal (variance≠causal trap)",
      "S": 0.0,
      "S_note": "Pearson(pca recovery, held-out do(base+37) screen break) — sufficiency on the bit-exact re-run"
    }
  },
  "game": "robotank",
  "method": "A7_dim_reduction(NMF+PCA)",
  "metric_name": "A7_nmf_matched_component_fraction_vs_known_vars",
  "n": 6,
  "oracle_ref": "oracle_intervene@robotank#per-cell-causal-importance(screen-break)",
  "paper": "P2",
  "phase": "phaseA_kording",
  "seed": 0,
  "state": "gameplay(seed=0,prefix=90)+15",
  "stderr": null,
  "target_output": "latent-components",
  "timestamp": "1783017923",
  "value": 0.4,
  "where": "local"
}